Image Name,Primary_Category,Secondary_Category,All_Categories,Justification
ethnayn2_0001.jpeg,Remembering Leisure,None,Remembering Leisure,"The image includes scenes and typography typical of a theatrical or cinematic advertisement, focusing on entertainment and leisure activities."
ethnayn2_0002.jpeg,Remembering Desires,Remembering People,Remembering Desires;Remembering People,"The image contains various portraits and a central cartoon character, indicative of a commercial advertisement with a focus on presenting individuals and products aesthetically."
ethnayn2_0003.jpeg,Remembering Street,None,Remembering Street,"The image features an illustration of a woman with a rifle, suggesting a theme of civic movement or political context, aligning with public sphere elements in 'Remembering Street.'"
ethnayn2_0004.jpeg,Remembering People,None,Remembering People,"The image is a close-up portrait with a strong focus on the individual's facial expression and hairstyle, fitting the 'Remembering People' category."
ethnayn2_0005.jpeg,Remembering Desires,None,Remembering Desires,"The image features an advertisement for a novel with visual emphasis on the book cover and promotional text, typical of commercial advertisement pages."
ethnayn2_0006.jpeg,Remembering Desires,Remembering People,Remembering Desires;Remembering People,"The page features multiple advertisements for products and personal items indicating a commercial focus, alongside a close-up portrait highlighting an individual's facial expression, suggesting overlap with personal representation."
ethnayn2_0007.jpeg,Remembering Desires,Remembering Leisure,Remembering Desires;Remembering Leisure,"The page contains a commercial advertisement for a film, focusing on entertainment and consumer attraction through cinema promotion."
ethnayn2_0008.jpeg,Remembering Desires,None,Remembering Desires,"The page features a commercial advertisement for a radio, emphasizing consumer goods and product showcase with explicit ad typography."
ethnayn2_0009.jpeg,Remembering Leisure,None,Remembering Leisure,The image features a collage of entertainers and theatrical figures suggesting a focus on performance and leisure activities.
ethnayn2_0010.jpeg,Remembering Street,None,Remembering Street,The image depicts multiple individuals behind bars which suggests themes related to civic movement and public sphere activities typical of 'Remembering Street'.
ethnayn2_0011.jpeg,Remembering Leisure,None,Remembering Leisure,"The image depicts a woman interacting with a seal in a zoo setting, which reflects a leisure activity involving public relaxation and entertainment."
ethnayn2_0012.jpeg,Remembering Street,None,Remembering Street,"The page consists solely of textual content reminiscent of an editorial or article, typically found in sections discussing public or civic matters."
ethnayn2_0013.jpeg,Remembering Street,None,Remembering Street,"The image features a rural setting with animals and people involved in daily life activities, indicating public and civic life elements."
ethnayn2_0014.jpeg,Remembering People,None,Remembering People,"The image features a close-up portrait with focus on the individual's facial expression and hairstyle, fitting the 'Remembering People' category."
ethnayn2_0015.jpeg,Remembering Desires,None,Remembering Desires,"The image contains multiple advertisements for consumer goods such as furniture and cleaning products, with explicit ad typography and visuals."
ethnayn2_0016.jpeg,Remembering People,None,Remembering People,"The image features a close-up of individuals with a focus on their expressions and attire, fitting the 'Remembering People' category."
ethnayn2_0017.jpeg,Remembering Desires,None,Remembering Desires,"The page includes advertisements for consumer products such as jewelry, sunglasses, medication, and cleaning products, indicative of commercial advertising."
ethnayn2_0018.jpeg,Remembering Desires,None,Remembering Desires,"The image contains an illustrated advertisement with stylized drawings and text promoting food or nutrition, typical of commercial advertising."
ethnayn2_0019.jpeg,Remembering Desires,None,Remembering Desires,"The image features an advertisement for British Overseas Airways Corporation (BOAC) showcasing airplanes, which fits the product showcase aspect of 'Remembering Desires'."
ethnayn2_0020.jpeg,Remembering Leisure,None,Remembering Leisure,"The page features a film advertisement with actors and actresses, emphasizing cinema and entertainment."
ethnayn2_0021.jpeg,Remembering Desires,None,Remembering Desires,"The page features commercial advertisements for a watch, pen, and glasses, which aligns with the showcase of consumer goods."
ethnayn2_0022.jpeg,Remembering Leisure,None,Remembering Leisure,"The images depict leisure activities such as boating and social gatherings, suggesting an escapism theme aligned with public relaxation and leisure."
ethnayn2_0023.jpeg,Remembering Desires,None,Remembering Desires,"The page prominently features an advertisement for Gillette Blades, showcasing consumer goods with explicit ad typography."
ethnayn2_0024.jpeg,Remembering Street,None,Remembering Street,"The images depict individuals engaged in agricultural and kitchen-related labor, highlighting everyday work activities."
ethnayn2_0025.jpeg,Remembering Street,None,Remembering Street,"The cartoon portrays satire or commentary likely related to societal or political issues, which aligns with public sphere discussions typical of street-related content."
ethnayn2_0026.jpeg,Remembering Desires,None,Remembering Desires,"The image features an illustrated commercial advertisement with integrated typography, focusing on the visual appeal of the product or concept being promoted."
ethnayn2_0027.jpeg,Remembering People,None,Remembering People,"The image features a close-up portrait in the background, which focuses on a human profile with strong emphasis on facial features set against text, indicating a focus on the individual."
ethnayn2_0028.jpeg,Remembering People,None,Remembering People,"The image features close-up portraits with strong focus on facial expressions and hands, emphasizing the individual as the main focus."
ethnayn2_0029.jpeg,Remembering Street,None,Remembering Street,"The image includes architectural elements and public street scenes, such as a facade and street signage, focusing on urban infrastructure."
ethnayn2_0030.jpeg,Remembering Desires,None,Remembering Desires,The image prominently features a commercial advertisement for cosmetics with product showcase and integrated typography.
ethnayn2_0031.jpeg,Remembering Street,None,Remembering Street,"The image includes caricatures of people in traditional attire suggesting a public or social context, relating to urban and civic life."
ethnayn2_0032.jpeg,Remembering Street,None,Remembering Street,"The image features a series of candid and dynamic scenes including people in a medical or laboratory-like setting, indicating a public or occupational sphere rather than a focus on individuals or products."
ethnayn2_0033.jpeg,Remembering Desires,None,Remembering Desires,"The image contains a dramatic presentation and intriguing elements that suggest a focus on marvels or curiosities, which ties to lifestyle and consumer interest."
ethnayn2_0034.jpeg,Remembering People,Remembering Desires,Remembering People;Remembering Desires,"The page features multiple portraits of individuals, along with text that suggests product promotion or a film advertisement, indicating a blend of personal profiles and commercial content."
ethnayn2_0035.jpeg,Remembering Street,None,Remembering Street,"The image depicts a political demonstration with a crowd, police presence, and public signage, emphasizing the civic movement and urban public sphere."
ethnayn2_0036.jpeg,Remembering Desires,None,Remembering Desires,"The page prominently features advertisements for consumer goods, including film and food products, with integrated typography and illustrations."
ethnayn2_0037.jpeg,Remembering Desires,None,Remembering Desires,"The page features a commercial advertisement with a prominent image of a woman and a product, indicative of consumer goods marketing."
ethnayn2_0038.jpeg,Remembering Desires,None,Remembering Desires,"The page includes commercial advertisements with illustrations of cosmetics and other products, emphasizing consumer goods with explicit ad typography."
ethnayn2_0039.jpeg,Remembering Desires,None,Remembering Desires,"The image features an advertisement for watches, highlighting consumer goods with explicit ad typography."
ethnayn2_0040.jpeg,Remembering Desires,None,Remembering Desires,"The image features advertisements for consumer products, such as effervescent salts and eyewear, with explicit ad typography integrated with the products."
ethnayn2_0041.jpeg,Remembering Street,None,Remembering Street,"The image depicts a classroom setting, focusing on people taking exams, which is a part of public and educational life."
ethnayn2_0042.jpeg,Remembering Street,None,Remembering Street,"The page contains illustrations of street scenes, highlighting urban activities and public life which align with the 'Remembering Street' category."
ethnayn2_0043.jpeg,Remembering Desires,None,Remembering Desires,"The page features a commercial advertisement with a strong focus on a woman smoking, which is associated with consumer goods and lifestyle elements."
ethnayn2_0044.jpeg,Remembering Street,None,Remembering Street,"The image captures military operations with soldiers and artillery in an outdoor setting, reflecting public and civic activities."
ethnayn2_0045.jpeg,Remembering Desires,None,Remembering Desires,The image features a commercial advertisement for toothpaste showcasing a product with accompanying text and celebrity imagery.
ethnayn2_0046.jpeg,Remembering Leisure,None,Remembering Leisure,"The images depict a relaxed, domestic setting with a woman and her cat in various leisure activities, such as lying on a sofa and bathing the cat."
ethnayn2_0047.jpeg,Remembering Desires,None,Remembering Desires,"The image features an illustration suggestive of commercial advertisement content, focusing on a domestic scene with aesthetic appeal."
ethnayn2_0048.jpeg,Remembering Street,None,Remembering Street,"The image features an indoor professional setting with individuals engaged in a formal discussion, aligning with urban and civic context elements."
ethnayn2_0049.jpeg,Remembering Desires,None,Remembering Desires,"The image is a commercial advertisement for refrigerators, showcasing various models with detailed product illustrations and typography typical of consumer goods marketing."
ethnayn2_0050.jpeg,Remembering Desires,None,Remembering Desires,The image contains a commercial advertisement for pens with distinct product typography and visuals.
ethnayn2_0051.jpeg,Remembering People,None,Remembering People,"The image features close-up portraits of individuals prominently, with attention to their interactions and expressions."
ethnayn2_0052.jpeg,Remembering Desires,None,Remembering Desires,"The image features a commercial advertisement for pens, showcasing product descriptions and branding elements."
ethnayn2_0053.jpeg,Remembering Street,None,Remembering Street,The image features individuals engaged in a formal or civic setting which indicates public and social engagement rather than personal or leisure activity.
ethnayn2_0054.jpeg,Remembering Desires,Remembering People,Remembering Desires;Remembering People,"The image prominently features a woman demonstrating a product with visible promotional text, indicating a commercial advertisement, while also presenting a focus on her expression and attire that aligns with a personal portrait."
ethnayn2_0055.jpeg,Remembering Street,None,Remembering Street,"The page consists of text and narrative about societal or political themes, indicated by the illustration of people in a public or civic setting."
ethnayn2_0056.jpeg,Remembering Desires,None,Remembering Desires,"The image features an advertisement for Quaker Oats with illustrated characters and product placement, typical of commercial advertisements."
ethnayn2_0057.jpeg,Remembering Desires,None,Remembering Desires,"The image is a commercial advertisement for a Fiat car, featuring typography and a stylized depiction of the vehicle, which aligns with consumer goods showcase."
ethnayn2_0058.jpeg,Remembering People,None,Remembering People,"The image features an illustration of a close-up portrait of a person, emphasizing facial expression and likely relating to a human-centric story or article."
ethnayn2_0059.jpeg,Remembering Desires,None,Remembering Desires,"The page contains several advertisements showcasing products like bicycles and cosmetics, highlighted by explicit ad typography."
ethnayn2_0060.jpeg,Remembering Desires,None,Remembering Desires,"The image includes a commercial advertisement showcasing a woman with elaborate fashion, indicative of a lifestyle feature."
ethnayn2_0061.jpeg,Remembering People,None,Remembering People,"The image features a dramatic illustration with a strong focus on human figures, emphasizing expressions and gestures against a minimal background."
ethnayn2_0062.jpeg,Remembering Leisure,None,Remembering Leisure,"The image features individuals engaged in what appears to be a social or leisurely interaction, with a humorous or relaxed demeanor, fitting the theme of escapism and public relaxation."
ethnayn2_0063.jpeg,Remembering Desires,None,Remembering Desires,"The image includes a commercial advertisement featuring school supplies, which aligns with the focus on consumer goods and explicit ad typography."
ethnayn2_0064.jpeg,Remembering People,None,Remembering People,"The page features a cartoon-style illustration focusing on individual expressions and interactions, suggesting a focus on personal dynamics."
ethnayn2_0065.jpeg,Remembering Leisure,None,Remembering Leisure,"The page features illustrations and text related to a theatrical or cinematic theme, aligning with public relaxation and escapism."
ethnayn2_0066.jpeg,Remembering Leisure,None,Remembering Leisure,"The image features an illustrated storytelling scene, likely from a magazine story or comic, fitting the theme of escapism and leisure reading."
ethnayn2_0067.jpeg,Remembering Desires,None,Remembering Desires,"The page features commercial advertisements for products, highlighting consumer goods like watches and textile-related content."
ethnayn2_0068.jpeg,Remembering Desires,None,Remembering Desires,"The image contains advertisements for radios and meat grinders, emphasizing consumer goods and product marketing."
ethnayn2_0069.jpeg,Remembering Desires,None,Remembering Desires,"The image prominently features an advertisement for a luxury car with commercial text, emphasizing consumer desires."
ethnayn2_0070.jpeg,Remembering Desires,None,Remembering Desires,"The page features commercial advertisements, including one for lipstick, with explicit ad typography integrated with the product."
ethnayn2_0071.jpeg,Remembering Desires,None,Remembering Desires,"The illustration features elegantly dressed people in a social setting with emphasis on fashion and social interaction, indicative of high-society lifestyle features."
ethnayn2_0072.jpeg,Remembering Desires,None,Remembering Desires,"The image contains commercial advertisement elements and product showcase with explicit ad typography integrated with the product, suggesting a focus on consumer goods."
ethnayn2_0073.jpeg,Remembering People,None,Remembering People,"The image features close-up portraits of two women with a strong focus on facial expressions and fashion accessories, set against a clean background."
ethnayn2_0074.jpeg,Remembering Desires,None,Remembering Desires,"The page primarily features commercial advertisements for Vicks, Colman's Blue, and other consumer products, highlighting a focus on commercial goods and lifestyle desires."
ethnayn2_0075.jpeg,Remembering Desires,None,Remembering Desires,"The image features a product showcase with images of shoes and text, which is typical of commercial advertisements."
ethnayn2_0076.jpeg,Remembering Leisure,None,Remembering Leisure,"The images depict people engaging in recreational activities in a swimming pool, highlighting a leisure setting."
ethnayn2_0077.jpeg,Remembering People,None,Remembering People,"The image features a close-up portrait of a woman with a clean background and focus on her facial expression and hairstyle, typical of a magazine cover."
ethnayn2_0078.jpeg,Remembering Desires,None,Remembering Desires,"The image contains commercial advertisements, including perfume, with explicit ad typography integrated with products."
ethnayn2_0079.jpeg,Remembering Desires,None,Remembering Desires,"The page features a formal setting with a woman at a microphone and an advertisement element, suggesting a focus on competitions and social events typical of lifestyle features."
ethnayn2_0080.jpeg,Remembering People,None,Remembering People,"The image includes close-up portraits with studio lighting and a focus on facial expressions, fitting the 'Remembering People' category."
ethnayn2_0081.jpeg,Remembering Desires,None,Remembering Desires,"The image contains an illustration of a well-dressed man pouring money and a smiling woman in glamorous attire, indicating themes of wealth and aspiration, typical of commercial and lifestyle content."
ethnayn2_0082.jpeg,Remembering Leisure,Remembering Street,Remembering Leisure;Remembering Street,"The image shows people seated in an outdoor setting, likely attending a public event, which depicts a blend of leisure and civic engagement."
ethnayn2_0083.jpeg,Remembering People,None,Remembering People,The page features illustrations focusing on human profiles with an emphasis on facial expressions and relationships.
ethnayn2_0084.jpeg,Remembering Street,None,Remembering Street,The image shows an aerial view likely related to urban infrastructure or sociopolitical context without elements of leisure or individual close-ups.
ethnayn2_0085.jpeg,Remembering Street,None,Remembering Street,"The image features a political cartoon with symbolic elements addressing international relations and political themes, which aligns with the public sphere and civic movement aspects of 'Remembering Street'."
ethnayn2_0086.jpeg,Remembering Street,None,Remembering Street,"The image includes a building and public interactions, capturing elements of urban settings and civic life."
ethnayn2_0087.jpeg,Remembering People,Remembering Desires,Remembering People;Remembering Desires,"The page features close-up portraits emphasizing the individuals along with an advertisement highlighting a product, combining personal depiction and commercial promotion."
ethnayn2_0088.jpeg,Remembering People,None,Remembering People,"The page features close-up portraits with a focus on individual faces, which aligns with personal profiles in a studio-like setting."
ethnayn2_0089.jpeg,Remembering People,None,Remembering People,"The image includes several portraits and group pictures of individuals, focusing on faces and expressions which align with personal remembrance."
ethnayn2_0090.jpeg,Remembering Street,None,Remembering Street,"The image consists of an illustration with multiple figures and text, resembling a discussion or portrayal of public or social themes common in civic discourse."
ethnayn2_0091.jpeg,Remembering Street,None,Remembering Street,"The page presents a political commentary, featuring text focused on governmental issues with an illustration of a political figure, aligning with public discourse and civic matters."
ethnayn2_0092.jpeg,Remembering People,None,Remembering People,"The image features a close-up portrait with a focus on facial expressions, hairstyle, and cosmetics against a clean background."
ethnayn2_0093.jpeg,Remembering People,None,Remembering People,"The image consists of close-up portraits and full-body shots where the individuals are the primary focus, emphasizing fashion and facial expressions."
ethnayn2_0094.jpeg,Remembering Desires,None,Remembering Desires,"The image includes a commercial advertisement for a typewriter, featuring explicit ad typography and product showcase."
ethnayn2_0095.jpeg,Remembering Desires,None,Remembering Desires,The page combines product advertising for tea with commercial typography and images related to consumer goods.
ethnayn2_0096.jpeg,Remembering People,None,Remembering People,The image features close-up portraits of individuals with a focus on facial expressions in a studio-like setting.
ethnayn2_0097.jpeg,Remembering Leisure,None,Remembering Leisure,"The image features a film poster with actors and text, indicating cinema culture and leisure activities."
ethnayn2_0098.jpeg,Remembering People,None,Remembering People,"The image includes a close-up portrait sketch of an individual which is the main visual focus among the text, fitting with profile features."
ethnayn2_0099.jpeg,Remembering Desires,Remembering People,Remembering Desires;Remembering People,"The image features two well-dressed women posed with a radio, suggesting a focus on consumer goods and lifestyle, with a strong emphasis on facial expressions and hairstyles."
ethnayn2_0100.jpeg,Remembering People,None,Remembering People,"The image features a close-up portrait with a clean background and strong focus on facial expression and hairstyle, typical of studio lighting."
ethnayn2_0101.jpeg,Remembering Desires,Remembering Street,Remembering Desires;Remembering Street,"The page contains a prominent Quaker Oats advertisement showcasing consumer goods, combined with text and imagery of street activity related to social movement."
ethnayn2_0102.jpeg,Remembering Desires,None,Remembering Desires,"The page includes commercial advertisements showcasing products and integrating explicit typography, indicating a focus on consumer goods and lifestyle promotion."
ethnayn2_0103.jpeg,Remembering Desires,None,Remembering Desires,The image contains advertisements with prominent product promotion and typography typical of commercial content.
ethnayn2_0104.jpeg,Remembering Desires,None,Remembering Desires,"The image features product advertisements including a lipstick, alongside typography and images highlighting cosmetics and air travel, indicating a focus on consumer goods and lifestyle."
ethnayn2_0105.jpeg,Remembering Desires,None,Remembering Desires,"The illustration featuring a romantic theme and stylized cartoon figure suggests a focus on lifestyle and desires, with artistic elements drawing attention to the emotional and aspirational tone."
ethnayn2_0106.jpeg,Remembering Desires,None,Remembering Desires,"The image features a clear advertisement for Coca-Cola, depicting people enjoying the product alongside explicit branding and typography."
ethnayn2_0107.jpeg,Remembering Desires,None,Remembering Desires,"The page features an advertisement with commercial typography and a focus on promoting a film, which aligns with commercial advertisements and product showcases."
ethnayn2_0108.jpeg,Remembering People,None,Remembering People,"The image features a close-up portrait of an individual in a styled pose with a focus on facial expression and fashion, set against a clean background."
ethnayn2_0109.jpeg,Remembering Street,Remembering Desires,Remembering Street;Remembering Desires,"The image shows a group of men walking in what appears to be a public space, alongside an advertisement featuring illustrated faces and product typography."
ethnayn2_0110.jpeg,Remembering Leisure,None,Remembering Leisure,"The image includes a section showcasing a cinema advertisement featuring prominent faces, suggesting a focus on leisure activities like film watching."
ethnayn2_0111.jpeg,Remembering People,None,Remembering People,"The image features close-up portraits and headshots with a focus on facial expressions and hairstyles, emphasizing individual appearance in a studio-like setting."
ethnayn2_0112.jpeg,Remembering Desires,None,Remembering Desires,"The page includes a prominent advertisement featuring cosmetics and fashion, indicating a commercial focus."
ethnayn2_0113.jpeg,Remembering Desires,None,Remembering Desires,"The image features an advertisement for a radio, highlighting consumer goods with prominent product display and integrated typography."
ethnayn2_0114.jpeg,Remembering People,None,Remembering People,"The image features a close-up portrait with a strong focus on facial expression and hairstyle, accompanied by other smaller headshots, indicating a focus on individual profiles."
ethnayn2_0115.jpeg,Remembering People,None,Remembering People,"The image features a series of close-up studio headshots with strong focus on facial expressions and hairstyles, emphasizing individual portraits."
ethnayn2_0116.jpeg,Remembering Street,None,Remembering Street,"The image depicts everyday educational activities, focusing on interactions between adults and children in a public or community setting."
ethnayn2_0117.jpeg,Remembering Desires,None,Remembering Desires,"The image features a commercial advertisement for Lux soap with product showcase and associated typography, emphasizing consumer goods."
ethnayn2_0118.jpeg,Remembering Street,None,Remembering Street,"The image depicts a classroom scene with children and a teacher, focusing on an educational setting which emphasizes civic life and public activity more than individual or product-focused elements."
ethnayn2_0119.jpeg,Remembering Street,None,Remembering Street,"The image features a group of children and a caretaker outdoors, reflecting a public or communal environment, typical of civic or social gatherings."
ethnayn2_0120.jpeg,Remembering Leisure,None,Remembering Leisure,"The image contains a series of photographs showing people in costume, suggesting leisure activities like performance or celebration."
ethnayn2_0121.jpeg,Remembering Desires,None,Remembering Desires,"The image consists of illustrations resembling a card game with humorous depictions of daily desires, situations, and social commentary, typical of commercial or lifestyle features."
ethnayn2_0122.jpeg,Remembering Street,None,Remembering Street,"The illustration shows laborers, construction work, and urban architecture, emphasizing a public sphere and civic activities."
ethnayn2_0123.jpeg,Remembering Leisure,None,Remembering Leisure,"The images depict public outdoor festivities and playful activities, suggesting a leisure-oriented theme."
ethnayn2_0124.jpeg,Remembering Desires,None,Remembering Desires,"The image contains advertisements for consumer products like watches and oats, featuring product imagery and promotional text."
ethnayn2_0125.jpeg,Remembering Desires,None,Remembering Desires,"The image contains a prominent commercial advertisement for Air France with visual elements like an aircraft and typography, indicating a focus on consumer desires and travel."
ethnayn2_0126.jpeg,Remembering Desires,None,Remembering Desires,The image features advertisements for personal care products with typography and imagery focused on consumer goods and lifestyle appeal.
ethnayn2_0127.jpeg,Remembering People,None,Remembering People,"The image features a close-up portrait with a strong focus on the individual's expression, elaborate hairstyle, and fashion, set against a clean background."
ethnayn2_0128.jpeg,Remembering Desires,None,Remembering Desires,"The image contains a Coca-Cola advertisement showcasing the product, which fits the commercial advertisement criteria of the 'Remembering Desires' category."
ethnayn2_0129.jpeg,Remembering People,Remembering Street,Remembering People;Remembering Street,"The image features a group of individuals in formal attire posing together, highlighting human profiles and social context, with textual elements suggesting a broader sociopolitical event."
ethnayn2_0130.jpeg,Remembering Desires,None,Remembering Desires,"The image prominently features an advertisement for Kyriazi Freres cigarettes, with explicit ad typography and product showcase."
ethnayn2_0131.jpeg,Remembering People,None,Remembering People,"The image features a close-up portrait with a focus on the individual's expression and fashion, set against a clean background."
ethnayn2_0132.jpeg,Remembering People,None,Remembering People,"The image includes an illustration of a person with a focus on facial expression and attire, central to the composition with no other significant elements present."
ethnayn2_0133.jpeg,Remembering Street,None,Remembering Street,"The cartoon with political symbols and characters focuses on political and social movement themes, characteristic of public sphere representation."
ethnayn2_0134.jpeg,Remembering Desires,None,Remembering Desires,"The page features commercial advertisements for a chandelier and a typewriter, showcasing consumer goods with integrated ad typography."
ethnayn2_0135.jpeg,Remembering Leisure,None,Remembering Leisure,"The illustration depicts an escapist scene with people in costumes, suggesting a theater or masquerade setting, which aligns with leisure activities like theater stages or parties."
ethnayn2_0136.jpeg,Remembering Desires,None,Remembering Desires,"The page includes commercial advertisements for products such as pens and storage solutions, consistent with consumer goods showcasing."
ethnayn2_0137.jpeg,Remembering Street,None,Remembering Street,"The image shows a social scene likely related to public welfare or healthcare, including a nurse and a child, suggesting themes of civic life and community services."
ethnayn2_0138.jpeg,Remembering Leisure,None,Remembering Leisure,"The illustration depicts a relaxed, possibly leisure-oriented indoor scene with a woman reclining, indicative of escapism or non-work activities."
ethnayn2_0139.jpeg,Remembering Desires,Remembering People,Remembering Desires;Remembering People,"The image features a glamourous portrayal of a woman in elegant attire, emphasizing fashion and aesthetics as well as potential product advertisement elements."
ethnayn2_0140.jpeg,Remembering Desires,None,Remembering Desires,"The page features textual content with playful illustrations, reminiscent of a lifestyle or leisure magazine, but primarily focused on humor and cultural commentary typical of mid-20th century publications."
ethnayn2_0141.jpeg,Remembering Desires,Remembering People,Remembering Desires;Remembering People,"The image features a fashion display with focus on garments and mannequins, suggesting a commercial or lifestyle context, alongside an individual, indicating an overlap with personal portrayal."
ethnayn2_0142.jpeg,Remembering Leisure,None,Remembering Leisure,"The image features a cartoon engaging with themes of humor and satire, fitting within the context of leisure and entertainment."
ethnayn2_0143.jpeg,Remembering Street,None,Remembering Street,"The image contains illustrations and text focusing on political and public matters, including government meetings and civic discussions, indicative of the public sphere and civic movement."
ethnayn2_0144.jpeg,Remembering Leisure,None,Remembering Leisure,"The image contains artistic depictions of ancient Egyptian figures engaged in music and relaxation, indicating themes of leisure and cultural escapism."
ethnayn2_0145.jpeg,Remembering Desires,Remembering Leisure,Remembering Desires;Remembering Leisure,"The page features a commercial advertisement for soap and an airline, alongside playful images of a woman interacting with animals, suggesting product promotion tied to leisure activities."
ethnayn2_0146.jpeg,Remembering Street,None,Remembering Street,"The page features illustrations and text likely depicting social commentary or satire, characteristic of public and civic themes common in urban print culture."
ethnayn2_0147.jpeg,Remembering Desires,None,Remembering Desires,"The image features commercial advertisements for domestic products, including text integrated with illustrations, aligning with consumer goods presentation."
ethnayn2_0148.jpeg,Remembering People,None,Remembering People,"The image features a close-up portrait with a focus on the individual's facial expression and hairstyle, characteristic of magazine cover faces."
ethnayn2_0149.jpeg,Remembering Desires,None,Remembering Desires,"The image includes multiple advertisements for consumer goods, such as soap, indicating a focus on commercial products."
ethnayn2_0150.jpeg,Remembering Desires,Remembering People,Remembering Desires;Remembering People,"The image displays a film advertisement featuring portraits of actors, with emphasis on promoting the film and its cast, blending commercial and individual elements."
ethnayn2_0151.jpeg,Remembering Street,None,Remembering Street,"The image features two individuals engaged in what appears to be a public, possibly social or political discussion with a visible brick wall backdrop, indicative of a street or public setting."
ethnayn2_0152.jpeg,Remembering Desires,None,Remembering Desires,"The page contains cartoon-style illustrations and a playful typography, typical of advertisements or lifestyle features aimed at entertainment, although no specific product is clearly featured."
ethnayn2_0153.jpeg,Remembering Desires,None,Remembering Desires,The image prominently features a toothpaste advertisement with a focus on the product and accompanying advertisement text.
ethnayn2_0154.jpeg,Remembering Street,None,Remembering Street,"The image depicts an interaction at what appears to be a public counter, suggesting themes of civic movement and public life."
ethnayn2_0155.jpeg,Remembering Desires,None,Remembering Desires,The image contains a Coca-Cola advertisement featuring commercial typography and a focus on product promotion.
ethnayn2_0156.jpeg,Remembering Desires,Remembering People,Remembering Desires;Remembering People,"The image prominently features commercial advertisements with handbags showcased alongside a fashion model, along with a studio-style portrait suggesting a focus on personal imagery."
ethnayn2_0157.jpeg,Remembering Desires,None,Remembering Desires,"The page contains illustrations and text that seem to be advertising medical or health-related products or advice, consistent with a commercial focus."
ethnayn2_0158.jpeg,Remembering Leisure,None,Remembering Leisure,"The image features women riding bicycles in a relaxed outdoor setting, suggestive of leisure activities and non-work temporalities."
ethnayn2_0159.jpeg,Remembering Leisure,None,Remembering Leisure,"The image depicts a cartoonish character in a relaxed beach setting playing a musical instrument, highlighting leisure activities."
ethnayn2_0160.jpeg,Remembering Desires,None,Remembering Desires,"The image features an advertisement with illustrations and typography promoting products, typical of commercial advertisement content."
ethnayn2_0161.jpeg,Remembering Desires,None,Remembering Desires,"The page features a prominent advertising layout with a bold, attention-grabbing typographic design indicative of commercial advertisements."
ethnayn2_0162.jpeg,Remembering Desires,None,Remembering Desires,"The image includes a commercial advertisement with explicit typography and a product showcase, indicative of consumer goods marketing."
ethnayn2_0163.jpeg,Remembering Desires,None,Remembering Desires,"The image features an advertisement for Quaker Oats with product imagery and promotional text, focusing on consumer goods."
ethnayn2_0164.jpeg,Remembering Desires,None,Remembering Desires,"The image features multiple advertisements for consumer goods, such as soap and toothbrushes, indicative of commercial advertising."
ethnayn2_0165.jpeg,Remembering Leisure,None,Remembering Leisure,"The image shows three women holding fish and fishing rods, implying a leisure activity centered around fishing and relaxation."
ethnayn2_0166.jpeg,Remembering People,None,Remembering People,"The image features a close-up portrait of a woman with strong focus on facial expressions, hairstyles, and cosmetics, set against a colorful background."
ethnayn2_0167.jpeg,Remembering Desires,None,Remembering Desires,"The page prominently features an advertisement for Sloans Liniment, including product imagery and persuasive text, indicative of commercial advertisement themes."
ethnayn2_0168.jpeg,Remembering Leisure,None,Remembering Leisure,"The image depicts a whimsical scene with a character in leisure postures, suggesting an escapist or fictional context."
ethnayn2_0169.jpeg,Remembering Leisure,None,Remembering Leisure,"The image depicts a woman in an exotically themed setting with animals, suggesting escapism and a form of leisure activity."
ethnayn2_0170.jpeg,Remembering Desires,Remembering Leisure,Remembering Desires;Remembering Leisure,"The page features commercial advertisements showcasing products and a lifestyle image of a woman leisurely smoking a hookah, suggesting consumer culture and relaxation."
ethnayn2_0171.jpeg,Remembering Leisure,None,Remembering Leisure,"The image shows a group of women gathered together in a relaxed setting, suggesting a social gathering or leisure activity."
ethnayn2_0172.jpeg,Remembering Desires,None,Remembering Desires,"The page contains an illustrated advertisement showcasing a 'before and after' transformation, typical of commercial ads focusing on personal improvement."
ethnayn2_0173.jpeg,Remembering Desires,None,Remembering Desires,"The image features commercial advertisements for cosmetics and toothpaste, showcasing consumer goods with associated typography."
ethnayn2_0174.jpeg,Remembering People,None,Remembering People,"The image features a close-up portrait with studio lighting, focusing on the individual's facial expression and hairstyle, complemented by a clean background."
ethnayn2_0175.jpeg,Remembering Desires,None,Remembering Desires,"The image features a commercial advertisement for a beverage, highlighted by the product showcase and explicit ad typography."
ethnayn2_0176.jpeg,Remembering Desires,None,Remembering Desires,"The image prominently features an advertisement for soap, showcasing commercial typography and consumer goods, typical of product showcase elements."
ethnayn2_0177.jpeg,Remembering Desires,None,Remembering Desires,"The image contains advertisements for products like Pectoids and Zam-Buk, showcasing consumer goods with associated typography."
ethnayn2_0178.jpeg,Remembering Leisure,None,Remembering Leisure,"The images depict a man interacting with a dog in a relaxed setting, suggesting leisure and non-work activities."
ethnayn2_0179.jpeg,Remembering Desires,None,Remembering Desires,"The page appears to showcase creative sculptures or art objects made from vegetables, fitting the commercial or promotional context of product showcases."
ethnayn2_0180.jpeg,Remembering Street,None,Remembering Street,"The image features a political cartoon of the Statue of Liberty with altered symbolism and accompanying text, suggesting a commentary on public and political issues."
ethnayn2_0181.jpeg,Remembering Street,Remembering Leisure,Remembering Street;Remembering Leisure,"The images depict a public event with people in social settings, suggesting a civic or educational gathering, while also showing elements of leisure and cultural activities."
ethnayn2_0182.jpeg,Remembering Desires,None,Remembering Desires,"The image features an advertisement for a horse race and a product, indicating commercial interests and desires for entertainment and consumer goods."
ethnayn2_0183.jpeg,Remembering Desires,None,Remembering Desires,"The image features a playful product advertisement with a focus on decorative design and aesthetics, including a figure posed in a whimsical, costume-like setting."
ethnayn2_0184.jpeg,Remembering Desires,None,Remembering Desires,"The image features commercial advertisements for Gillette blades and Air France, showcasing consumer goods and services with explicit ad typography."
ethnayn2_0185.jpeg,Remembering Desires,None,Remembering Desires,"The presence of product advertisements, such as Cherry Blossom Boot Polish, highlights a focus on consumer goods typical of commercial advertisements."
ethnayn2_0186.jpeg,Remembering People,Remembering Desires,Remembering People;Remembering Desires,"The image features a close-up portrait with a strong focus on facial expressions, alongside promotional typography suggesting a commercial context."
ethnayn2_0187.jpeg,Remembering Desires,None,Remembering Desires,"The image prominently features a car advertisement with automotive imagery and promotional text, indicative of consumer goods marketing."
ethnayn2_0188.jpeg,Remembering Leisure,None,Remembering Leisure,"The image shows a social gathering with people seated and interacting in a leisurely setting, typical of entertainment or leisure-oriented content."
ethnayn2_0189.jpeg,Remembering Leisure,Remembering People,Remembering Leisure;Remembering People,"The top image depicts a social gathering with individuals appearing to enjoy themselves in a public leisure setting, and the bottom image is a portrait of an individual focusing on their facial expression."
ethnayn2_0190.jpeg,Remembering Desires,None,Remembering Desires,The image features an advertisement with prominent typography and a depiction of a product packaging being promoted.
ethnayn2_0191.jpeg,Remembering People,None,Remembering People,"The image features close-up artistic portraits of two women with a strong focus on facial expressions and hairstyles, fitting the 'Remembering People' category."
ethnayn2_0192.jpeg,Remembering People,None,Remembering People,The image features close-up portraits and a profile shot of individuals with a strong focus on facial expressions and hairstyles.
ethnayn2_0193.jpeg,Remembering Leisure,Remembering Street,Remembering Leisure;Remembering Street,"The collage features performances and public leisure activities like belly dancing and gymnastics, alongside images of collective activities and movement such as a line of people and shepherding."
ethnayn2_0194.jpeg,Remembering Desires,Remembering People,Remembering Desires;Remembering People,The image prominently features advertisements for cosmetics and entertainment with strong close-up portraits enhancing the allure of consumer culture.
ethnayn2_0195.jpeg,Remembering Desires,None,Remembering Desires,"The page includes a magazine cover with a smiling woman and text advertising it, suggesting a commercial element, indicative of a desire for leisure or lifestyle."
ethnayn2_0196.jpeg,Remembering People,None,Remembering People,"The drawing features a close-up illustration of two women, suggesting a focus on individuals with an interest in fashion or personal interaction."
ethnayn2_0197.jpeg,Remembering Leisure,None,Remembering Leisure,"The image features a tennis match, capturing elements of leisure and sports engagement typical of public relaxation activities."
ethnayn2_0198.jpeg,Remembering Street,None,Remembering Street,"The image features multiple people in formal attire in conference settings, reflecting political or social gatherings typical of public sphere activities."
ethnayn2_0199.jpeg,Remembering Desires,None,Remembering Desires,The image features a commercial advertisement for a fragrance with an illustration of a well-dressed couple and a prominent product display.
ethnayn2_0200.jpeg,Remembering Desires,None,Remembering Desires,"The image features an advertisement with product showcase and glamorous illustrations, focusing on perfume and lifestyle elements."
ethnayn2_0201.jpeg,Remembering Desires,Remembering Street,Remembering Desires;Remembering Street,"The image features a car advertisement, indicative of commercial desires, alongside scenes of industrial work in a print shop representing the public sphere and labor."
ethnayn2_0202.jpeg,Remembering Leisure,None,Remembering Leisure,"The image features a cinematic advertisement with prominent performers, indicating its association with leisure and entertainment activities."
ethnayn2_0203.jpeg,Remembering Desires,Remembering People,Remembering Desires;Remembering People,"The image features a visually appealing portrait-style figure with an umbrella and vibrant colors, characteristic of commercial advertising, while focusing on the individual suggests a secondary overlap with 'Remembering People'."
ethnayn2_0204.jpeg,Remembering Street,None,Remembering Street,"The page contains text and illustrations that focus on the natural world with no emphasis on specific individuals, products, or leisure activities, resembling public or civic content typical of 'Remembering Street.'"
ethnayn2_0205.jpeg,Remembering Desires,None,Remembering Desires,"The image features a prominent advertisement with explicit typography alongside a product name, which aligns with commercial advertisement elements."
ethnayn2_0206.jpeg,Remembering People,None,Remembering People,"The image features a close-up portrait with a focus on the individual's face, hairstyle, and cosmetics, matching the core elements of 'Remembering People'."
ethnayn2_0207.jpeg,Remembering Desires,None,Remembering Desires,"The page features advertisements for shoe polish and film, which are representative of commercial advertisements and consumer goods."
ethnayn2_0208.jpeg,Remembering Desires,None,Remembering Desires,The presence of cartoon illustrations showcasing people in fashionable outfits and gestures suggests a focus on commercial and high-society lifestyle features.
ethnayn2_0209.jpeg,Remembering Desires,Remembering Street,Remembering Desires;Remembering Street,"The image shows advertisements for products alongside urban street scenes depicting daily life and commerce, blending elements of consumerism with public life."
ethnayn2_0210.jpeg,Remembering Street,None,Remembering Street,"The image shows uniformed individuals in a formation suggestive of military training or civic organization, characteristic of public sphere activities."
ethnayn2_0211.jpeg,Remembering Desires,None,Remembering Desires,"The image features a commercial advertisement for a cologne, highlighting consumer goods with explicit ad typography."
ethnayn2_0212.jpeg,Remembering Desires,None,Remembering Desires,"The page contains multiple advertisements for consumer products, such as children's food and Vicks, with integrated ad typography."
ethnayn2_0213.jpeg,Remembering Desires,Remembering People,Remembering Desires;Remembering People,"The page features multiple advertisements for products like a toothbrush and a watch, indicating commercial focus, alongside images of people suggesting educational or lifestyle context."
ethnayn2_0214.jpeg,Remembering Desires,None,Remembering Desires,"The image is a cartoon likely reflecting social desires or criticisms, with elements like a stylish lamp and vase indicating a focus on the living room's decor."
ethnayn2_0215.jpeg,Remembering People,None,Remembering People,"The image features close-up portraits of an individual demonstrating various bodybuilding poses, focusing on his physique and expressions."
ethnayn2_0216.jpeg,Remembering Leisure,None,Remembering Leisure,"The image prominently features scenes and actors from a film, suggesting a focus on cinema and public entertainment."
ethnayn2_0217.jpeg,Remembering Desires,Remembering Leisure,Remembering Desires;Remembering Leisure,"The image includes commercial advertisements featuring products with distinct typography, and an illustration depicting social interaction and high-society lifestyle, suggesting elements of leisure."
ethnayn2_0218.jpeg,Remembering Street,None,Remembering Street,"The page contains comic-style illustrations with satirical depictions of social and public life, indicative of a focus on societal commentary relevant to the public sphere."
ethnayn2_0219.jpeg,Remembering Desires,None,Remembering Desires,"The page contains advertisements for products, clearly showcasing commercial content typical of 'Remembering Desires.'"
ethnayn2_0220.jpeg,Remembering People,None,Remembering People,"The image is a close-up portrait with a clear background, focusing on the individual's facial expressions, hairstyle, and fashion accessories."
ethnayn2_0221.jpeg,Remembering Desires,Remembering People,Remembering Desires;Remembering People,"The page features a large advertisement on the right side, showcasing consumer products with typography, alongside close-up human profiles on the left."
ethnayn2_0222.jpeg,Remembering Desires,None,Remembering Desires,"The image is a commercial advertisement for soap, featuring product showcase and integrated typography."
ethnayn2_0223.jpeg,Remembering Street,None,Remembering Street,"The image features military personnel, formal attire, and a public setting, indicating a public or civic event in an urban space."
ethnayn2_0224.jpeg,Remembering People,None,Remembering People,"The image features a close-up portrait with a strong focus on the individual's expression, hairstyle, and clothing, set against a clean background."
ethnayn2_0225.jpeg,Remembering People,None,Remembering People,The page features close-up studio headshots with a focus on individual portraits alongside textual content.
ethnayn2_0226.jpeg,Remembering People,None,Remembering People,The image comprises close-up illustrations of individuals with focus on their expressions and attire in a narrative scene with artistic elements.
ethnayn2_0227.jpeg,Remembering Desires,None,Remembering Desires,"The image contains an advertisement for railway tickets between Egypt and Sudan with text highlighting travel options and services, fitting the commercial advertisement theme."
ethnayn2_0228.jpeg,Remembering People,None,Remembering People,"The page includes close-up portraits of individuals, focusing on their facial expressions as the primary visual elements."
ethnayn2_0229.jpeg,Remembering People,None,Remembering People,"The image is a close-up portrait with a clean background, focusing on facial expressions, hairstyle, and cosmetics typical of studio photography."
ethnayn2_0230.jpeg,Remembering Desires,None,Remembering Desires,"The image features a cartoon of a woman looking in a mirror with cosmetics on the table, focusing on appearance and self-care."
ethnayn2_0231.jpeg,Remembering Desires,Remembering Leisure,Remembering Desires;Remembering Leisure,"The image features a film advertisement with typographic details, depicting a man and woman in dramatic poses which aligns with commercial advertising and leisure activities like cinema."
ethnayn2_0232.jpeg,Remembering People,None,Remembering People,"The image features a close-up portrait of a woman with a strong focus on facial expression and cosmetics, set against a clean background."
ethnayn2_0233.jpeg,Remembering Desires,None,Remembering Desires,"The page includes an illustration of people dining, suggesting a focus on lifestyle and possibly leisure or luxury experiences typical of mid-century advertisements or societal observations."
ethnayn2_0234.jpeg,Remembering Desires,None,Remembering Desires,"The page contains an advertisement for a camera, which is a consumer good prominently showcased with commercial typography."
ethnayn2_0235.jpeg,Remembering Desires,Remembering People,Remembering Desires;Remembering People,"The page features an advertisement with a heart-shaped design focusing on individuals, indicating a focus on lifestyle or entertainment, along with close-up portraits typical of personal or cinematic promotion."
ethnayn2_0236.jpeg,Remembering Desires,None,Remembering Desires,"The image features a commercial advertisement for a perfume, with a focus on luxury and high-society lifestyle elements."
ethnayn2_0237.jpeg,Remembering People,None,Remembering People,"The image features a woman closely interacting with a bust, highlighting her as the focal point with a clean background."
ethnayn2_0238.jpeg,Remembering Desires,None,Remembering Desires,"The page contains humor and satire illustrations, focusing on societal observations rather than specific product advertisements or social situations."
ethnayn2_0239.jpeg,Remembering People,Remembering Desires,Remembering People;Remembering Desires,"The image features a close-up portrait of a woman with strong emphasis on facial expressions and cosmetics, alongside an advertisement for a luxury car, indicating both personal allure and consumer desire."
ethnayn2_0240.jpeg,Remembering Street,None,Remembering Street,"The page contains text and an illustration depicting a dramatic scene, possibly related to public or social issues, which aligns with the themes of civic movement and public discourse."
ethnayn2_0241.jpeg,Remembering Desires,None,Remembering Desires,"The image prominently features advertisements for a pen and a watch, with visual emphasis on product display and typography."
ethnayn2_0242.jpeg,Remembering People,None,Remembering People,"The image prominently features a close-up portrait of a woman holding a model, with a clean background and focused on her facial expression."
ethnayn2_0243.jpeg,Remembering Street,None,Remembering Street,"The image depicts laborers working in an outdoor environment, suggesting an active workplace setting in the public sphere."
ethnayn2_0244.jpeg,Remembering Desires,None,Remembering Desires,"The image features advertisements for consumer products and services, including a conspicuous ad with typography and a product image."
ethnayn2_0245.jpeg,Remembering People,None,Remembering People,The image features a close-up portrait of an individual with a focus on facial expression and hairstyle against a clean background.
ethnayn2_0246.jpeg,Remembering Leisure,None,Remembering Leisure,"The page features scenes from a film, typically associated with cinema and entertainment, highlighted by movie stills and related textual content."
ethnayn2_0247.jpeg,Remembering Street,None,Remembering Street,"The images depict multiple individuals in what appears to be a public or civic setting, indicating discussion or debate, which aligns with public sphere and civic movement themes."
ethnayn2_0248.jpeg,Remembering People,None,Remembering People,"The page contains text and appears to be an article or editorial piece focusing on a narrative or commentary, not fitting the visual elements required for other categories."
ethnayn2_0249.jpeg,Remembering Street,None,Remembering Street,"The page features text and design elements suggesting a focus on public discourse or political themes, typical of urban or civic topics."
ethnayn2_0250.jpeg,Remembering Desires,None,Remembering Desires,"The image includes commercial advertisements for razors and a chair, with clear product showcases and associated typography."
ethnayn2_0251.jpeg,Remembering Desires,None,Remembering Desires,"The page features an advertisement for a soap product with illustrated portraits and branded typography, focusing on consumer goods."
ethnayn2_0252.jpeg,Remembering Desires,Remembering People,Remembering Desires;Remembering People,"The image features a prominent advertisement for Max Factor cosmetics with a close-up portrait of a woman, highlighting both product placement and the individual’s appearance."
ethnayn2_0253.jpeg,Remembering People,None,Remembering People,"The image features close-up portraits and individual profiles, focusing on human expressions and identities."
ethnayn2_0254.jpeg,Remembering Desires,None,Remembering Desires,"The image contains multiple commercial advertisements including products such as perfumes, watches, and beer, which are prominently showcased with accompanying typography."
ethnayn2_0255.jpeg,Remembering Street,None,Remembering Street,"The image shows a group of men in what appears to be a public gathering or meeting, reflecting civic movement and societal engagement."
ethnayn2_0256.jpeg,Remembering Leisure,None,Remembering Leisure,"The images show actors in theatrical costumes and settings, indicating a focus on performance and entertainment."
ethnayn2_0257.jpeg,Remembering Desires,None,Remembering Desires,"The page features commercial advertisements for products, including a typewriter and other consumer goods, indicating a focus on product showcase."
ethnayn2_0258.jpeg,Remembering Leisure,None,Remembering Leisure,"The image depicts women leisurely riding bicycles and relaxing on a lawn, indicating public relaxation and non-work activities."
ethnayn2_0259.jpeg,Remembering Desires,None,Remembering Desires,"The image prominently features a car advertisement, showcasing a luxury vehicle with descriptive text about its features."
ethnayn2_0260.jpeg,Remembering Desires,None,Remembering Desires,"The image contains a commercial advertisement for books, with explicit typography and product showcase elements."
ethnayn2_0261.jpeg,Remembering Desires,None,Remembering Desires,"The page features stylized graphics and an artistic design element consistent with commercial or promotional content, though without explicit products, indicating a broader lifestyle or cultural theme."
ethnayn2_0262.jpeg,Remembering Desires,Remembering People,Remembering Desires;Remembering People,"The image contains advertisements and lifestyle imagery, including a product advertisement and a glamorous depiction of individuals examining scientific equipment, showcasing consumer culture and personal aspirations."
ethnayn2_0263.jpeg,Remembering People,None,Remembering People,"The image prominently features a woman in a close-up pose with a clean background, emphasizing her facial expression and style."
ethnayn2_0264.jpeg,Remembering Street,None,Remembering Street,"The image contains cartoon illustrations depicting political figures and themes, focusing on public and civic issues, which is characteristic of the public sphere and political/social movements."
ethnayn2_0265.jpeg,Remembering Leisure,None,Remembering Leisure,"The page contains cartoon-style illustrations and text, suggesting entertainment and humor, aligning with leisure activities."
ethnayn2_0266.jpeg,Remembering Desires,Remembering Leisure,Remembering Desires;Remembering Leisure,"The page contains advertisements including a cinema film promotion, integrating product showcases with explicit typography."
ethnayn2_0267.jpeg,Remembering Desires,None,Remembering Desires,"The page features an advertisement showcasing a piece of furniture with promotional text, indicating a focus on consumer goods."
ethnayn2_0268.jpeg,Remembering Desires,None,Remembering Desires,"The image features a commercial advertisement showcasing fashion and cosmetics, which includes explicit ad typography and product illustrations."
ethnayn2_0269.jpeg,Remembering Desires,None,Remembering Desires,"The image features a commercial advertisement for a refrigerator, showcasing the product with notable typography and design elements."
ethnayn2_0270.jpeg,Remembering People,Remembering Desires,Remembering People;Remembering Desires,"The image primarily features close-up portraits of individuals, accompanied by an advertisement for a musical theater performance, indicating a secondary focus on a cultural lifestyle showcase."
ethnayn2_0271.jpeg,Remembering Street,None,Remembering Street,"The page contains political cartoons depicting uniformed figures suggestive of civic and social themes, common in public sphere and political dialogue."
ethnayn2_0272.jpeg,Remembering Street,None,Remembering Street,"The image depicts formal meetings and discussions, characteristic of public and civic activities, aligning with urban infrastructure and civic movement themes."
ethnayn2_0273.jpeg,Remembering People,None,Remembering People,The image features close-up portraits of four individuals with a strong focus on their facial features and expressions.
ethnayn2_0274.jpeg,Remembering Leisure,Remembering Street,Remembering Leisure;Remembering Street,"The image features children in outdoor settings engaged in recreational activities and public gatherings, indicating leisure and public life elements."
ethnayn2_0275.jpeg,Remembering Desires,None,Remembering Desires,"The image features a prominent advertisement for watches, emphasizing product promotion and commercial typography."
ethnayn2_0276.jpeg,Remembering Desires,None,Remembering Desires,"The image features an advertisement for an airline, showcasing commercial travel and incorporating product advertising elements."
ethnayn2_0277.jpeg,Remembering Desires,None,Remembering Desires,"The image features advertisement typography and commercial imagery with a product focus, characteristic of mid-20th-century advertising layouts."
ethnayn2_0278.jpeg,Remembering Desires,None,Remembering Desires,"The page includes commercial advertisements for office furniture and shoe polish, with explicit ad typography and product depictions."
ethnayn2_0279.jpeg,Remembering Street,None,Remembering Street,"The image features a workplace setting with laborers involved in production, fitting the urban infrastructure and labor theme of 'Remembering Street.'"
ethnayn2_0280.jpeg,Remembering People,None,Remembering People,"The image features close-up portraits highlighting an individual, focusing on attire and expression in a domestic setting."
ethnayn2_0281.jpeg,Remembering People,None,Remembering People,"The image features a close-up portrait of an individual in uniform, with a strong focus on facial expressions and attire, fitting a human profile focus."
ethnayn2_0282.jpeg,Remembering People,None,Remembering People,"The image features an illustration focused on two individuals with an emphasis on their expressions and interaction, aligning with personal portrayal."
ethnayn2_0283.jpeg,Remembering People,None,Remembering People,The image features a close-up portrait of an individual which aligns with the focus on human profiles and facial expressions typical of 'Remembering People'.
ethnayn2_0284.jpeg,Remembering Street,None,Remembering Street,"The page contains illustrations and text typical of socio-political commentary or public interest stories, likely reflecting on urban or civic themes."
ethnayn2_0285.jpeg,Remembering Leisure,None,Remembering Leisure,"The image contains a central photo of people appearing to relax or engage in a humorous or entertainment context, with surrounding illustrations that add a light-hearted, leisure element."
ethnayn2_0286.jpeg,Remembering People,None,Remembering People,"The image features close-up portraits of individuals along with a group photo, focusing on their facial expressions and attire."
ethnayn2_0287.jpeg,Remembering Desires,None,Remembering Desires,"The image includes an advertisement for Coca-Cola featuring illustrations of a woman enjoying the drink, which is consistent with commercial advertising and consumer goods promotion."
ethnayn2_0288.jpeg,Remembering People,Remembering Desires,Remembering People;Remembering Desires,"The image features a collage of close-up portraits promoting a cinema show, alongside an advertisement for a toothpaste product."
ethnayn2_0289.jpeg,Remembering Leisure,None,Remembering Leisure,"The image features an article on magic tricks, indicated by a person performing with playing cards and a rabbit, representing escapism and leisure activities."
ethnayn2_0290.jpeg,Remembering Street,None,Remembering Street,"The images show public interactions and an event with several individuals engaged in conversation, highlighting the civic and public sphere."
ethnayn2_0291.jpeg,Remembering Desires,None,Remembering Desires,"The image features elements of a film promotion with prominent typography and studio portraits, indicative of commercial advertisement."
ethnayn2_0292.jpeg,Remembering Leisure,None,Remembering Leisure,"The image features individuals in relaxed, domestic settings, highlighting leisurely activities like smoking a hookah and reading, fitting the theme of leisure and relaxation."
ethnayn2_0293.jpeg,Remembering People,None,Remembering People,The page features close-up portraits and studio headshots where the individuals' facial expressions and profiles are the primary focus.
ethnayn2_0294.jpeg,Remembering Desires,Remembering Leisure,Remembering Desires;Remembering Leisure,"The page features advertisement-like typography and film credits suggesting a focus on cinema, linking desires with leisure activities."
ethnayn2_0295.jpeg,Remembering People,None,Remembering People,The image is a close-up portrait featuring a woman's face with strong focus on facial expressions and hairstyles in a studio setting.
ethnayn2_0296.jpeg,Remembering Desires,Remembering Leisure,Remembering Desires;Remembering Leisure,"The image features a movie advertisement with a prominent couple's photograph, and is designed with an emphasis on promoting a film experience, combining elements of commercial advertising and leisure activity."
ethnayn2_0297.jpeg,Remembering Leisure,None,Remembering Leisure,"The images depict people engaging in various athletic activities and exercises in an outdoor setting, emphasizing leisure and physical activity."
ethnayn2_0298.jpeg,Remembering People,Remembering Desires,Remembering People;Remembering Desires,"The image features a close-up portrait of a couple with a strong focus on their expressions and styling, along with an advertisement for home furniture below, indicating lifestyle elements."
ethnayn2_0299.jpeg,Remembering Street,Remembering Leisure,Remembering Street;Remembering Leisure,"The images show people interacting with an elephant in a public outdoor setting, suggesting both a public sphere event and leisurely activity."
ethnayn2_0300.jpeg,Remembering Street,Remembering Leisure,Remembering Street;Remembering Leisure,"The image contains elements of urban life including street scenes and a cartoon suggesting a public interaction, along with text describing scenic leisure locations."
ethnayn2_0301.jpeg,Remembering Leisure,None,Remembering Leisure,"The images depict people in a relaxed, outdoor setting near a beach or desert landscape, which suggests themes of leisure and escapism."
ethnayn2_0302.jpeg,Remembering Desires,None,Remembering Desires,"The image contains a commercial advertisement showcasing a shirt and stockings, emphasizing consumer goods with integrated ad typography."
ethnayn2_0303.jpeg,Remembering Street,None,Remembering Street,"The image contains an illustration depicting a street crime scenario, reflecting elements of public life and civic movement."
ethnayn2_0304.jpeg,Remembering Desires,None,Remembering Desires,The page features a commercial advertisement for Eau de Cologne with an emphasis on the product and integrated typography.
ethnayn2_0305.jpeg,Remembering Desires,None,Remembering Desires,"The cartoon features a humorous scene depicting a domestic situation and includes visual elements highlighting interpersonal communication, suggesting a light-hearted take on consumer and domestic life."
ethnayn2_0306.jpeg,Remembering People,None,Remembering People,The image features close-up portraits and headshots focusing on various individuals with emphasis on facial expressions and garments.
ethnayn2_0307.jpeg,Remembering Desires,None,Remembering Desires,"The image features an advertisement with elements like a promotional offer, typography, and commercial imagery, indicating a focus on consumer goods or services."
ethnayn2_0308.jpeg,Remembering Leisure,None,Remembering Leisure,"The page features cartoon illustrations depicting humorous and exaggerated leisure scenarios, suggesting a focus on escapism and entertainment."
ethnayn2_0309.jpeg,Remembering Street,None,Remembering Street,"The image shows a man working on an aircraft, which aligns with elements of labor and active workplaces associated with 'Remembering Street'."
ethnayn2_0310.jpeg,Remembering Desires,None,Remembering Desires,"The page features commercial advertising elements, including illustrated people promoting a product with explicit ad typography."
ethnayn2_0311.jpeg,Remembering Desires,None,Remembering Desires,"The image contains commercial advertisements for products like Ilford film and Colman's starch, emphasizing consumer goods and desires."
ethnayn2_0312.jpeg,Remembering Desires,None,Remembering Desires,"The page features commercial advertisements for products such as dinnerware and liniment, focusing on consumer goods with integrated ad typography."
ethnayn2_0313.jpeg,Remembering Desires,None,Remembering Desires,"The page includes an advertisement with explicit product display and typography promoting 'Royal' baking powder, which aligns with the commercial advertisements focus of 'Remembering Desires'."
ethnayn2_0314.jpeg,Remembering Street,None,Remembering Street,"The image features predominantly text discussing socio-political themes, evidenced by the content related to executions and colonial issues, characteristic of public sphere discourse."
ethnayn2_0315.jpeg,Remembering Desires,None,Remembering Desires,The image features commercial advertisements with prominent typography and product showcases including consumer goods.
ethnayn2_0316.jpeg,Remembering Desires,None,Remembering Desires,The image contains advertisements for Zam-Buk and BOAC with explicit ad typography and product showcases.
ethnayn2_0317.jpeg,Remembering People,None,Remembering People,"The image is a close-up portrait with a clean background and studio lighting, focusing on the individual's expression and styling."
ethnayn2_0318.jpeg,Remembering Leisure,None,Remembering Leisure,"The images depict social gatherings and relaxed settings, including people eating and enjoying a leisure cruise, indicative of non-work related activities and public relaxation."
ethnayn2_0319.jpeg,Remembering People,None,Remembering People,The image features a close-up portrait of a child with a clean background and focus on facial expression.
ethnayn2_0320.jpeg,Remembering People,None,Remembering People,"The image is a close-up portrait with a clean background, focusing on the individual's facial expression, hairstyle, and makeup."
ethnayn2_0321.jpeg,Remembering Desires,None,Remembering Desires,The page features advertisements for an airline and a product with explicit ad typography and visual elements promoting commercial goods.
ethnayn2_0322.jpeg,Remembering People,None,Remembering People,"The image features an illustration of a person and a child interacting closely, with the human figures being the focal point."
ethnayn2_0323.jpeg,Remembering People,None,Remembering People,The image features a close-up portrait of a bride with a focus on her facial expression and attire against a simple background.
ethnayn2_0324.jpeg,Remembering People,None,Remembering People,"The image features multiple close-up portraits with a focus on facial expressions and hairstyles, consistent with studio headshots."
ethnayn2_0325.jpeg,Remembering Leisure,None,Remembering Leisure,"The image depicts a person engaging in a leisure activity with a dog, reflecting a relaxed, non-work setting."
ethnayn2_0326.jpeg,Remembering People,None,Remembering People,"The page features a close-up portrait of two individuals in an intimate gesture, focusing on their facial expressions."
ethnayn2_0327.jpeg,Remembering Leisure,None,Remembering Leisure,"The image shows a theatrical performance with dancers on stage, emphasizing entertainment and escapism."
ethnayn2_0328.jpeg,Remembering People,None,Remembering People,"The image features a close-up portrait with a focus on facial expression and hairstyle, characteristic of a studio headshot."
ethnayn2_0329.jpeg,Remembering Desires,None,Remembering Desires,"The page features commercial advertisements with products and branding, including cigarettes and beauty products, emphasizing consumer goods."
ethnayn2_0330.jpeg,Remembering Desires,None,Remembering Desires,"The page features a commercial advertisement for Sloan's liniment, showcasing consumer goods with explicit ad typography."
ethnayn2_0331.jpeg,Remembering Desires,None,Remembering Desires,"The page is filled with commercial advertisements showcasing products like toothpaste and beverages, with explicit ad typography and illustration of consumer goods."
ethnayn2_0332.jpeg,Remembering Street,None,Remembering Street,"The illustration depicts a dynamic public scene with individuals in traditional clothing interacting within a tense environment, reflecting social and street-level narratives."
ethnayn2_0333.jpeg,Remembering Street,None,Remembering Street,"The image features a small group of people interacting in an urban setting, with visual elements suggesting a street or public environment."
ethnayn2_0334.jpeg,Remembering People,Remembering Desires,Remembering People;Remembering Desires,"The image features close-up portraits with a focus on facial expressions and cosmetics, combined with elements suggesting an advertisement context."
ethnayn2_0335.jpeg,Remembering Street,None,Remembering Street,"The image predominantly features text on a plain background, resembling a street sign or poster, associated with public sphere elements."
ethnayn2_0336.jpeg,Remembering Street,None,Remembering Street,"The illustration depicts a scene involving a uniformed guard and a civilian, suggestive of social and public dynamics relevant to urban life."
ethnayn2_0337.jpeg,Remembering Street,None,Remembering Street,"The illustration shows street scenes with individuals interacting in a public space, capturing aspects of daily public life."
ethnayn2_0338.jpeg,Remembering Street,None,Remembering Street,"The images depict people in public spaces with visible street scenes and crowd interactions, indicating a focus on the public sphere and urban life."
ethnayn2_0339.jpeg,Remembering People,None,Remembering People,"The scanned page prominently displays two individual portraits alongside written text, focusing on human profiles and their expressions."
ethnayn2_0340.jpeg,Remembering Desires,None,Remembering Desires,The image prominently features a car advertisement with explicit ad typography and product showcase elements.
ethnayn2_0341.jpeg,Remembering People,Remembering Street,Remembering People;Remembering Street,"The image focuses on an individual in a work-like environment, with text indicating an examination, which aligns with personal profiles and public work settings."
ethnayn2_0342.jpeg,Remembering Desires,None,Remembering Desires,The image includes a commercial advertisement for a product with explicit ad typography integrated with the imagery.
ethnayn2_0343.jpeg,Remembering Leisure,None,Remembering Leisure,"The image features scenes of a film production and a group attending a cinematic event, indicating a focus on entertainment and leisure activities."
ethnayn2_0344.jpeg,Remembering People,None,Remembering People,"The image features close-up portraits of individuals with an emphasis on facial expressions and hairstyles, set against a clean background."
ethnayn2_0345.jpeg,Remembering People,None,Remembering People,"The image features a close-up portrait with a focus on facial expressions, hairstyle, and cosmetics against a simple background."
ethnayn2_0346.jpeg,Remembering Leisure,None,Remembering Leisure,"The image features a couple in swimwear, suggesting a relaxed and leisure-oriented context typical of beach or poolside scenes."
ethnayn2_0347.jpeg,Remembering Leisure,None,Remembering Leisure,"The image depicts a couple relaxing outdoors in a park-like setting, capturing a moment of leisure and escapism."
ethnayn2_0348.jpeg,Remembering People,None,Remembering People,"The image features a close-up portrait of an individual with a clean background and studio lighting, focusing on facial expression, hairstyle, and fashion."
ethnayn2_0349.jpeg,Remembering Leisure,None,Remembering Leisure,"The image depicts a group of children watching a puppet show, capturing a moment of public relaxation and entertainment."
ethnayn2_0350.jpeg,Remembering Leisure,None,Remembering Leisure,"The image features movie imagery and typography, indicative of cinema and escapism."
ethnayn2_0351.jpeg,Remembering Street,None,Remembering Street,"The image depicts a communal scene set in a public dining area for children, indicating a focus on social care and public welfare activities."
ethnayn2_0352.jpeg,Remembering Desires,None,Remembering Desires,"The page features a commercial advertisement for Palmolive soap, which is the core element of 'Remembering Desires'."
ethnayn2_0353.jpeg,Remembering Desires,None,Remembering Desires,The page features multiple advertisements with commercial typography and product showcases such as competitions and branded items.
ethnayn2_0354.jpeg,Remembering People,Remembering Desires,Remembering People;Remembering Desires,"The image features a close-up portrait of an individual alongside advertisements, including an airline and a beverage, suggesting both personal focus and commercial content."
ethnayn2_0355.jpeg,Remembering Desires,None,Remembering Desires,"The page features an illustration of a hand holding a pen, typical in commercial advertisements and product showcases, although primarily text-focused."
ethnayn2_0356.jpeg,Remembering Desires,None,Remembering Desires,"The image depicts an advertisement with monetary themes, showcasing printed currency and text related to prizes or financial gain, characteristic of commercial advertising."
ethnayn2_0357.jpeg,Remembering Street,None,Remembering Street,"The illustration includes national flags and hands symbolizing a pact or agreement, suggesting political or civic themes common in public and urban discourse."
ethnayn2_0358.jpeg,Remembering Leisure,None,Remembering Leisure,"The image depicts a social setting with multiple individuals in relaxed, intimate poses, suggesting a leisure or social gathering context."
ethnayn2_0359.jpeg,Remembering People,None,Remembering People,"The page features a portrait illustration which focuses on an individual's likeness, aligning with remembering prominent individuals."
ethnayn2_0360.jpeg,Remembering Leisure,None,Remembering Leisure,"The image focuses on a theatrical display involving a skeleton costume and a billiards table, suggesting a staged entertainment or leisure activity."
ethnayn2_0361.jpeg,Remembering Leisure,None,Remembering Leisure,"The image shows scenes of children engaging in activities like reading and crafts in a library, which align with leisure and non-work-related temporalities."
ethnayn2_0362.jpeg,Remembering Desires,None,Remembering Desires,"The image prominently features a commercial advertisement for Nestlé products, highlighting consumer goods with specific branding and typography."
ethnayn2_0363.jpeg,Remembering People,None,Remembering People,"The image is a close-up portrait with a clean background, focusing on facial expression and hairstyle."
ethnayn2_0364.jpeg,Remembering Desires,None,Remembering Desires,The presence of a perfume advertisement with glamorous imagery clearly indicates a focus on consumer desires and commercial products.
ethnayn2_0365.jpeg,Remembering People,None,Remembering People,"The image focuses on close-up portraits with a strong emphasis on facial expressions and hairstyles, typical of a studio headshot."
ethnayn2_0366.jpeg,Remembering People,Remembering Desires,Remembering People;Remembering Desires,The image features a prominent close-up portrait as well as several advertisements showcasing products and services.
ethnayn2_0367.jpeg,Remembering Leisure,None,Remembering Leisure,"The images depict social gatherings and performances, with people engaged in leisure activities such as dancing and dining."
ethnayn2_0368.jpeg,Remembering People,None,Remembering People,"The page primarily consists of text and lacks visual elements, but the layout and headings might suggest a focus on storytelling or personal narratives."
ethnayn2_0369.jpeg,Remembering Leisure,None,Remembering Leisure,"The image depicts a domestic scene with people engaged in a cultural or recreational activity, possibly a family gathering or educational setting, aligning with escapism and relaxation themes."
ethnayn2_0370.jpeg,Remembering Street,None,Remembering Street,"The scanned page contains columns of text with no images or advertisements, suggesting a focus on public discourse or storytelling common in street photography or urban life commentary."
ethnayn2_0371.jpeg,Remembering People,None,Remembering People,"The page contains notable individuals' profiles and portraits, focusing on their faces and expressions in a clean format typical of close-up portraits."
ethnayn2_0372.jpeg,Remembering Desires,None,Remembering Desires,"The image features advertisements for Quaker Oats and Sloan's Liniment, showcasing consumer goods with explicit ad typography."
ethnayn2_0373.jpeg,Remembering People,None,Remembering People,The image contains close-up portraits of an individual with focus on facial expressions.
ethnayn2_0374.jpeg,Remembering Desires,None,Remembering Desires,The page prominently features an advertisement for Gillette razor blades with explicit ad typography and a promotional image of a smiling woman holding flowers.
ethnayn2_0375.jpeg,Remembering Desires,None,Remembering Desires,"The page prominently features a commercial advertisement for a product, with stylized typography and an illustration emphasizing its benefits, typical of mid-20th century print advertising."
ethnayn2_0376.jpeg,Remembering Desires,Remembering Street,Remembering Desires;Remembering Street,"The image contains commercial advertisements featuring consumer products, along with a street scene showing children playing, illustrating both commercial aspirations and public life."
ethnayn2_0377.jpeg,Remembering Desires,None,Remembering Desires,The image prominently features an advertisement showcasing radios with detailed descriptions and typography which highlights consumer products and commercial content.
ethnayn2_0378.jpeg,Remembering People,None,Remembering People,"The image features close-up portraits of individuals with a strong focus on facial expressions and traditional attire, fitting the 'Remembering People' category."
ethnayn2_0379.jpeg,Remembering Desires,None,Remembering Desires,"The image features a prominent advertisement for a consumer product, highlighting packaging and branding typical of commercial advertising."
ethnayn2_0380.jpeg,Remembering Desires,None,Remembering Desires,"The image features a commercial advertisement for a radio, showcasing the product with descriptive text and explicit ad typography."
ethnayn2_0381.jpeg,Remembering Street,None,Remembering Street,"The image depicts a public social interaction in a formal setting, capturing daily life and social movement elements as people greet each other."
ethnayn2_0382.jpeg,Remembering Desires,None,Remembering Desires,The presence of an Air France advertisement featuring an airplane and promotional text highlights commercial advertising and product showcase.
ethnayn2_0383.jpeg,Remembering Street,None,Remembering Street,"The image contains political and social commentary through illustrations, including flags and imagery suggestive of public and international affairs."
ethnayn2_0384.jpeg,Remembering Desires,None,Remembering Desires,"The page prominently features advertisements for film products and an airline, showcasing consumer goods and travel services as key elements."
ethnayn2_0385.jpeg,Remembering Desires,None,Remembering Desires,"The image includes advertisements featuring consumer goods with typography integrated into the design, such as a product for shoe polish and a health remedy."
ethnayn2_0386.jpeg,Remembering Street,None,Remembering Street,"The image features a busy urban street with traffic and a cityscape, emphasizing urban infrastructure and public life."
ethnayn2_0387.jpeg,Remembering People,None,Remembering People,"The image is a close-up portrait with studio lighting, focused on the individual's face and expression."
ethnayn2_0388.jpeg,Remembering Desires,None,Remembering Desires,"The page contains commercial advertisements for a book and handbags, emphasizing consumer products and explicit ad typography."
ethnayn2_0389.jpeg,Remembering Leisure,None,Remembering Leisure,"The image features a group of people gathered around a roulette table, indicative of a leisure or nightlife scenario at a casino."
ethnayn2_0390.jpeg,Remembering People,None,Remembering People,"The image features a close-up portrait of a woman with a strong focus on her facial expression, hairstyle, and cosmetics, against a clean background."
ethnayn2_0391.jpeg,Remembering Desires,None,Remembering Desires,"The page contains multiple advertisements showcasing products such as shoe polish and a film reel, emphasizing commercial elements."
ethnayn2_0392.jpeg,Remembering Street,None,Remembering Street,"The image is a political cartoon depicting a public sphere with figures representing political or social commentary, aligning with civic movement themes."
ethnayn2_0393.jpeg,Remembering Street,None,Remembering Street,"The image features a document focusing on business or administrative content, typical of public and civic movement in urban contexts."
ethnayn2_0394.jpeg,Remembering Desires,None,Remembering Desires,"The illustration features stylized figures and poses, suggesting a focus on lifestyle or fantasy, typical in showcasing societal desires or narratives."
ethnayn2_0395.jpeg,Remembering Desires,None,Remembering Desires,"The image features an illustrated couple in a glamorous setting with a focus on fashion and appeal, typical of lifestyle features in mid-20th century magazines."
ethnayn2_0396.jpeg,Remembering Street,None,Remembering Street,"The image contains illustrated cartoons that depict public life and social commentary, which aligns with the public sphere and civic movement aspect of 'Remembering Street'."
ethnayn2_0397.jpeg,Remembering Desires,None,Remembering Desires,"The image includes an advertisement with explicit typography and a commercial offer, indicating a focus on consumer goods and products."
ethnayn2_0398.jpeg,Remembering Street,None,Remembering Street,"The image contains an illustration of a man holding a rifle amidst what appears to be a field, suggesting themes of labor or civic activity."
ethnayn2_0399.jpeg,Remembering People,None,Remembering People,"The image features close-up portraits of individuals, with a strong focus on their faces, which aligns with the 'Remembering People' category."
ethnayn2_0400.jpeg,Remembering Leisure,None,Remembering Leisure,"The page contains imagery related to media entertainment and comics, suggesting leisure and escapism themes."
ethnayn2_0401.jpeg,Remembering Desires,None,Remembering Desires,"The image features a caricatured interaction with a glamorous, well-dressed woman, suggesting a focus on high-society or commercial elements typical in advertisements or lifestyle features."
ethnayn2_0402.jpeg,Remembering People,None,Remembering People,"The image contains several close-up portraits and headshots with individuals as the main focus, showcasing facial expressions and hairstyles."
ethnayn2_0403.jpeg,Remembering Desires,None,Remembering Desires,"The image features commercial advertisements with product showcases such as soap and watches, along with integrated ad typography."
ethnayn2_0404.jpeg,Remembering Desires,None,Remembering Desires,"The image prominently features a commercial advertisement for a cosmetic product with explicit ad typography, focusing on consumer desires."
ethnayn2_0405.jpeg,Remembering People,None,Remembering People,"The primary image is a close-up portrait focusing on a woman's face, aligning with key elements such as facial expressions and cosmetics."
ethnayn2_0406.jpeg,Remembering Desires,None,Remembering Desires,"The image features a commercial advertisement for lipstick, highlighting product illustrations and ad typography."
ethnayn2_0407.jpeg,Remembering People,Remembering Desires,Remembering People;Remembering Desires,"The image features a close-up portrait of a woman with a focus on facial expression and hairstyle, alongside a social event, suggesting interest in personal profiles and high-society lifestyle."
ethnayn2_0408.jpeg,Remembering People,None,Remembering People,"The image features a prominent close-up portrait with a focus on facial expression and hairstyle, indicative of a studio headshot."
ethnayn2_0409.jpeg,Remembering Desires,None,Remembering Desires,"The image prominently features a commercial advertisement for a bicycle, complete with product showcase and typography."
ethnayn2_0410.jpeg,Remembering People,None,Remembering People,"The page features a close-up portrait with a strong focus on the individual's expression and appearance, indicative of 'Remembering People'."
ethnayn2_0411.jpeg,Remembering Desires,None,Remembering Desires,The image includes commercial advertisements featuring consumer goods and stylized images with explicit ad typography.
ethnayn2_0412.jpeg,Remembering People,Remembering Desires,Remembering People;Remembering Desires,"The image is a close-up portrait of a woman, with strong focus on facial expression and cosmetics, integrated with colorful elements and typography suggesting commercial appeal."
ethnayn2_0413.jpeg,Remembering Street,None,Remembering Street,"The page contains comics depicting urban and workplace scenarios, suggesting a focus on civic movement and daily public life."
ethnayn2_0414.jpeg,Remembering People,None,Remembering People,"The image includes drawn close-up profiles of individuals, focusing on head and shoulder depictions typically used to remember or showcase people."
ethnayn2_0415.jpeg,Remembering Street,None,Remembering Street,"The layout includes illustrations depicting scenes of daily life and interactions, characteristic of public or urban environments."
ethnayn2_0416.jpeg,Remembering Desires,None,Remembering Desires,"The image features a commercial advertisement for a consumer product, along with explicit ad typography and product showcase."
ethnayn2_0417.jpeg,Remembering Desires,None,Remembering Desires,The image features a commercial advertisement with a woman's portrait integrated with a product and explicit typography promoting a consumer good.
ethnayn2_0418.jpeg,Remembering Desires,None,Remembering Desires,"The page contains advertisements, including a film promotion with prominent typography and an airline advertisement showcasing a plane."
ethnayn2_0419.jpeg,Remembering People,Remembering Desires,Remembering People;Remembering Desires,"The image includes fashion illustrations focused on individuals' attire and styles, with accompanying text discussing social behaviors and possibly desirous societal narratives."
ethnayn2_0420.jpeg,Remembering Desires,None,Remembering Desires,"The page contains advertisements for consumer goods like watches and medicinal pastilles, with explicit ad typography integrated with products."
ethnayn2_0421.jpeg,Remembering Desires,None,Remembering Desires,"The image contains commercial advertisements showcasing various products, with explicit ad typography integrated, which aligns with the 'Remembering Desires' category."
ethnayn2_0422.jpeg,Remembering People,Remembering Leisure,Remembering People;Remembering Leisure,"The page features portraits of individuals and focuses on cinema, highlighting film stars and an audience in a theater setting."
ethnayn2_0423.jpeg,Remembering Leisure,None,Remembering Leisure,"The image captures a wedding celebration with people dressed formally and engaging in a social event, fitting the theme of public relaxation and leisure."
ethnayn2_0424.jpeg,Remembering Desires,None,Remembering Desires,"The image contains an illustration depicting a car interior with a man and a woman, suggesting themes of consumer goods and lifestyle, fitting into the commercial and aspirational aspects of 'Remembering Desires'."
ethnayn2_0425.jpeg,Remembering Street,None,Remembering Street,"The cartoon illustrates a public theme with caricatures likely addressing social or political issues, reflecting urban and civic discourse."
ethnayn2_0426.jpeg,Remembering Street,None,Remembering Street,"The page features an article discussing social or political issues, accompanied by an illustration of a public space, indicative of urban or civic themes."
ethnayn2_0427.jpeg,Remembering Desires,None,Remembering Desires,"The image includes commercial advertising with prominent product showcases, including cosmetics and a dramatic female illustration typical of advertisements."
ethnayn2_0428.jpeg,Remembering Leisure,None,Remembering Leisure,"The page features images of people socializing and potentially at celebratory events or gatherings, indicative of leisure activities."
ethnayn2_0429.jpeg,Remembering Desires,None,Remembering Desires,"The image features a stylized illustration with decorative clothing and exotic scenery, likely related to a fantastical or lifestyle theme often seen in commercial or aspirational content."
ethnayn2_0430.jpeg,Remembering Desires,Remembering People,Remembering Desires;Remembering People,"The image features a stylized illustration resembling a face made of flowers and a car advert, indicative of lifestyle and commercial desires."
