Image Name,Folder,Visual Category,Caption (Arabic),Caption (English),Gap Type,Notes
kawakib_0001.jpg,Al-Kawakib,The Borrowed Image,في هذا العدد: ان هوليود تمر بمحنة جديدة انها محنة الافلام الفاسدة.,In this issue: Hollywood is going through a new ordeal — the ordeal of corrupt films.,Redirected,Image shows Western-style glamour while caption critiques Hollywood corruption
kawakib_0002.jpg,Al-Kawakib,The Modern Face,شجرة الزيتون :بقلم محمد كامل حسن المحامي,"The Olive Tree — by Mohamed Kamel Hassan, Attorney",Redirected,
kawakib_0003.jpg,Al-Kawakib,The Advertisement,حدث هذا الاسبوع: فصلي فستانك على احدث الموديلات ومعه حزام جلد وزجاجة رائحة هدية ٨٠ عند فستان جميل. الزوج مش قلتلك السينيما بتجيب افلام كويسة,This happened this week: Have your dress tailored in the latest styles — with a leather belt and a bottle of perfume as a gift — 80 piasters at Beautiful Dress [boutique]. // The husband: Didn't I tell you the cinema brings good films?,Promoted,Two captions on one page: a fashion ad and a cartoon joke
kawakib_0004.jpg,Al-Kawakib,The Advertisement,سلكات افصل صابون للحمام والتواليت. تصوري لكل سيجارة لون/كوكتيل سجاير / السيجارة المفضلة لكل حسناء,Selkat — the finest soap for the bathroom and toilet. Imagine — every cigarette has a color / Cocktail Cigarettes / The favorite cigarette of every beautiful woman.,Match,"Two ads on one page: soap and cigarettes, both sold through women"
kawakib_0005.jpg,Al-Kawakib,The Advertisement,للانيقات لكل سيجارة لون بلائم لون فستانك,For the elegant — every cigarette has a color that matches the color of your dress.,Match,Continuation of Cocktail Cigarettes campaign
kawakib_0006.jpg,Al-Kawakib,The Modern Face,اختي العربية الناهضة في كل مكان في الشرق / مع حواء / زفاف مرجريت وحريتها,My Arab Sister Rising Everywhere in the East / With Eve [women's column] / The Wedding of Margaret and Her Freedom,Promoted,Individual woman elevated to symbol of Arab renaissance; wedding paired with freedom
kawakib_0007.jpg,Al-Kawakib,The Modern Face,شباب ورياضة/ كل سيدة انيقة تحرص ان تكون فساتينها ملائمة لكل انواع نشاطتها اليومية لذلك يجب ان تكون دولابك مجموعة ملائمة لجميع النشاطات,Youth and Sports / Every elegant lady makes sure her dresses are suited to all types of her daily activities — therefore your wardrobe must be a collection suited to all occasions.,Redirected,Sports section header used to redirect into fashion/wardrobe advice
kawakib_0008.jpg,Al-Kawakib,The Advertisement,هذه المجموعة من الفساتين البسيطة اخترناها لك من طراز جميل ويمكن تصميمها من الاقمشة العملية,We have selected for you this collection of simple dresses of a beautiful style — and they can be made from practical fabrics.,Match,
kawakib_0009.jpg,Al-Kawakib,The Modern Face,انتهى الصيف الجميل,The beautiful summer has ended.,Redirected,Woman used as symbol of seasonal melancholy
kawakib_0011.jpg,Al-Kawakib,The Modern Face,خدعني زوجي/ غدا الاحد بسينيما ريتس (عريس مراتي) / زيني بيتك بالقواقع,My husband deceived me / Tomorrow Sunday at Ritz Cinema: My Wife's Groom / Decorate your home with seashells.,Redirected,"Three unrelated captions: marital story, film ad, home craft tip"
kawakib_0012.jpg,Al-Kawakib,The Professional,احذروا هذه النجمة اسمها هايا وبلدها اسرائيل وهدفها هوليود,"Beware of this star — her name is Haya, her country is Israel, and her goal is Hollywood.",Corrected,Glamorous actress image weaponized as political warning; visual admiration undercut by nationalist caption
kawakib_0013.jpg,Al-Kawakib,The Modern Face,شبابنا يخشا الجامعات / كانت زوجتي تنتهز وجود اقاربي من الريفين لتحدث والدتها واخوتها بالفرنسية,Our youth fear universities / My wife used to seize the opportunity of having my rural relatives present to speak to her mother and brothers in French.,Redirected,KEY IMAGE: French used as social performance in front of rural relatives — modernity as class display
kawakib_0014.jpg,Al-Kawakib,The Professional,جذوة تحت الرماد بقلم صوفي عبدالله,An Ember Under the Ashes — by Sophie Abdullah.,Promoted,Woman writer; title metaphor of hidden fire — image carries suppressed resilience
kawakib_0017.jpg,Al-Kawakib,The Professional,هوليود تستسلم لاسراىيل، من سلاح اسراىيل البحري الى هوليود قصة استر الذي خطبها بن هور، ريتا واخواتها في البلاتوه,Hollywood surrenders to Israel / From the Israeli navy to Hollywood / The story of Esther who was engaged to Ben-Hur / Rita and her sisters on the set.,Corrected,Pair with kawakib_0012: Israeli actresses framed as political threat; glamour weaponized as warning
kawakib_0018.jpg,Al-Kawakib,The Professional,هايا او استر مع خطيبها بن هود (شارلتون هوستون في الفلم الذي يحمل اسمه / زيفارودن خلصت ملابس الجنود لتلبس المايوه وهجرت اسراىيل لتور هوليود,Haya or Esther with her fiancé Ben-Hur (Charlton Heston in the film that bears his name) / [Ziva] traded soldier's clothes for a swimsuit and left Israel to conquer Hollywood.,Corrected,"Third in series (0012, 0017, 0018): military uniform to swimsuit — female body as both national tool and Hollywood threat"
kawakib_0019.jpg,Al-Kawakib,The Professional,هند تقول لاحسان: كرهتها من اجل زوجها، انكرها ابوها، احببت..ومرتين وفشلت / لفاء بين نجوم الشاشة ونجوم القلم,"Hind tells Ihsan: I hated her for her husband's sake, her father denied her, I loved... twice and failed. / A meeting between stars of the screen and stars of the pen.",Redirected,Serialized emotional drama alongside cultural elite gathering — two registers on one page
kawakib_0022.jpg,Al-Kawakib,The Advertisement,بشرتك الناعمة لا يصلح لها الا صابون سلكت / وحياتك يا اخويا تخليني اتعلم الموسيقى,"For your soft skin, nothing suits it but Selkat soap. / I swear to you, brother, let me learn music.",Match,Selkat soap ad (3rd appearance); woman's skin as product surface
kawakib_0023.jpg,Al-Kawakib,The Modern Face,اكاذيب وحقاىف,Lies and Truths.,Promoted,Woman's image made to carry a piece on deception vs. reality — visual and concept in productive tension
mawed_0002.jpg,Al-Mawed,The Borrowed Image,ابتعد عن انيتا اكبرغ والا انتظر الموت,Stay away from Anita Ekberg or await death.,Corrected,Anita Ekberg (La Dolce Vita); Western glamour reframed as romantic danger
mawed_0003.jpg,Al-Mawed,The Modern Face,انا بحبك يا مصطفى,"I love you, Mustafa.",Match,Possibly ref. to Bob Azzam 1960 hit song; woman as voice of romantic feeling
mawed_0004.jpg,Al-Mawed,The Professional,قلب سعاد حسني، قلب الموجي وقلب العطار,"The heart of Soad Hosny, the heart of Al-Mawji, and the heart of Al-Attar.",Promoted,"Soad Hosny (Cinderella of Egyptian cinema) — she is the axis, men's hearts orbit her"
mawed_0005.jpg,Al-Mawed,The Professional,الرقص فن والتمثيل موهبة والزواج مصيبة والحب... يا ساتر,"Dancing is an art, acting is a talent, marriage is a calamity, and love… God protect us.",Promoted,"KEY IMAGE: comic hierarchy — professional excellence at top, marriage disaster, love unspeakable; dry social critique"
mawed_0006.jpg,Al-Mawed,The Modern Face,هنري تورو: كاتب انساني عالمي ازواج الستار عن كثير من معايبنا الاخلاقية والفكرية في كتابه الرائع اكعصان. الثمن ٧٥ ف.ل,Henry Thoreau: a universal humanist writer who lifted the veil on many of our moral and intellectual flaws in his wonderful book [Walden]. Price: 75 fils.,Redirected,Woman used as visual hook for Thoreau book ad — her image sells moral philosophy
mawed_0007.jpg,Al-Mawed,The Modern Face,لم اتزوج لنداء الحب ولكن طلبا للراجة,"I did not marry for the call of love, but in pursuit of rest.",Promoted,KEY IMAGE: frank rejection of romantic marriage ideology — pragmatic honesty as quiet resistance
mawed_0009.jpg,Al-Mawed,The Professional,تفاصيل مثيرة عن زواج ليلى فوزي و جلال معوض، والد العروس يسقط مريضا ومطلقة العريس تقيم ركوى نفقة,"Exciting details about the marriage of Layla Fawzy and Jalal Muawwad — the bride's father falls ill, and the groom's ex-wife files for alimony.",Redirected,Actress Layla Fawzy; professional image redirected into tabloid wedding drama
mawed_0010.jpg,Al-Mawed,The Professional,لبنى عبد العزيز: النجمة التي خلقت من المنتج مخرجا,Lobna Abdel Aziz: The star who turned the producer into a director.,Promoted,Actress as creative force — she remakes a man's identity; power hidden behind the star image
mawed_0012.jpg,Al-Mawed,The Professional,قلب زبيرة ثروت يخفق بحب عبد الحليم: صلاح ذو الفقار يطلق زهرة العلا / نجات الصغيرة تتزوج احمد منسي بعد الطلاق / هل تعود مريم فخر الدين الى محمود ذو الفقار,Zubayra Tharwat's heart beats with love for Abdel Halim / Salah Dhul-Fiqar divorces Zahra Al-Ala / Najat Al-Saghira marries Ahmed Mansi after divorce / Will Maryam Fakhr al-Din return to Mahmoud Dhul-Fiqar?,Redirected,Four professional women (actress/singer) reduced entirely to romantic/marital status; careers invisible
mawed_0014.jpg,Al-Mawed,The Professional,الوسط السينيماى في القاهرة لم يشهد فترة كتلك التي مر بها فترة مشحونة بالحب,The cinema world in Cairo has never witnessed a period as charged with love as the one it is going through.,Promoted,Individual woman elevated to embody an entire era of cinematic romance in Cairo
mawed_0015.jpg,Al-Mawed,The Modern Face,نصف زوجة,Half a wife.,Corrected,KEY IMAGE: visual wholeness undone by caption — woman made a fraction; likely polygamy or secondary marriage
mawed_0017.jpg,Al-Mawed,The Borrowed Image,بلاد الهاراكيري تنافس هوليود / الفلم الياباني يمد لسانه لهوليود,The land of hara-kiri competes with Hollywood / Japanese film sticks its tongue out at Hollywood.,Promoted,Japanese woman's image made to embody national cinema defiance against Hollywood
mawed_0018.jpg,Al-Mawed,The Professional,عدسة العروس في المهرجان الاسيوي الافريقي للسينيما,The bride's lens at the Asian-African Cinema Festival.,Promoted,Bandung-era Asian-African solidarity; woman's image at international political-cultural festival
mawed_0019.jpg,Al-Mawed,The Advertisement,افلام حلمي رقلة تقدم لحن السعادة,Helmy Raqla Films presents: The Melody of Happiness.,Match,Film promotional still; woman as advertisement for cinema
mawed_0020.jpg,Al-Mawed,The Professional,ملوك الفرفشة لا يعرفون الضحك,The kings of fun don't know how to laugh.,Corrected,Paradox: entertainers who produce joy are themselves joyless; smile in image undercut by caption
mawed_0021.jpg,Al-Mawed,The Professional,حكايات فنية ام كلثوم والخوف,Artistic tales: Umm Kulthum and fear.,Corrected,KEY IMAGE: Umm Kulthum — icon of Arab power — paired with fear; monumental image made vulnerable
mawed_0024.jpg,Al-Mawed,The Borrowed Image,لوكريس بورجيا اغرب رواية عرفتها تاريخ البشرية,Lucrezia Borgia — the strangest story humanity has ever known.,Promoted,Western historical figure (Borgia) borrowed for Arab readers; woman as embodiment of historical scandal
mawed_0025.jpg,Al-Mawed,The Modern Face,نصف عمري في السرير، جاكلين بلا قميص نوم,Half my life in bed / Jacqueline without a nightgown.,Corrected,Tabloid double: vulnerability (bed/illness) + voyeurism (celebrity undress); body as spectacle
mawed_0026.jpg,Al-Mawed,The Modern Face,انها لا تنام قبل الساعة الثانية,She does not sleep before two o'clock.,Promoted,Intimate detail elevated to define character — a woman of the night
mawed_0027.jpg,Al-Mawed,The Professional,اخر صورة للثناىي الذي لاقى نجاح باهر في القاهرة,The last photo of the duo that achieved great success in Cairo.,Promoted,Professional portrait becomes elegiac; success and ending in same caption
mawed_0028.jpg,Al-Mawed,The Borrowed Image,الفيلم الاول ببطولة جين مانسفيلد مع زوجها مايك هارغيتي,The first film starring Jayne Mansfield with her husband Mickey Hargitay.,Match,Jayne Mansfield — Hollywood bombshell exported to Arab readers; Western glamour borrowed
mawed_0029.jpg,Al-Mawed,The Professional,افلام حلمي رقلة تقدم لاول مرة مريم فخر الدين و فريد شوقي,Helmy Raqla Films presents for the first time: Maryam Fakhr al-Din and Farid Shawqi.,Match,Film promotional ad; Maryam Fakhr al-Din paired with Farid Shawqi (King of Third World cinema)
mawed_0030.jpg,Al-Mawed,The Modern Face,التلقزيون / ادخل برنامج جديد اسمه بيني وبينك,Television / A new program has been introduced called Between You and Me.,Promoted,Woman as face of new television medium; intimate address format — modernity through direct connection
mawed_0032.jpg,Al-Mawed,The Professional,سوال للجمهور هل تخلع نجوى فواد بدلة الرقص لتحتفظ ب فواد حسن,A question for the public: Will Nagwa Fouad take off her dance costume to keep Fouad Hassan?,Corrected,KEY IMAGE: Nagwa Fouad asked to choose career vs man — dance costume as professional identity made contingent on love
mawed_0033.jpg,Al-Mawed,The Advertisement,الفلم اللبناني العالمي حكم القدر,The Lebanese international film: The Judgment of Fate.,Match,Lebanese film promotion; positioned as world-class cinema
mawed_0034.jpg,Al-Mawed,The Modern Face,ذهبت راىحة البترول عن فساتين كريمة، طار من يدها خاتم سولتير ب ١٠ والف جنيه، مليونير سعودي اراد طردها من بيتها، زوجها اختار الطلاق بدل السجن,"The smell of oil has left Karima's dresses / A solitaire ring worth 10,000 pounds flew from her hand / A Saudi millionaire wanted to evict her from her home / Her husband chose divorce over prison.",Corrected,"KEY IMAGE: woman surrounded by men's financial crimes and choices — oil wealth, eviction, divorce; she bears consequences of others"
mawed_0035.jpg,Al-Mawed,The Professional,ممنوع زواج مذيعات التلفزيون,Marriage is forbidden for female television presenters.,Corrected,"KEY IMAGE: professional access given, private life denied — modernity conditional on remaining unmarried"
mawed_0036.jpg,Al-Mawed,The Professional,الاستاذ ايميل دبغي، اتيحت له فرصة مشاهدة كواليس الفيلم الكمدي ارض الصحاري,Professor Emil Dabghi was given the opportunity to watch the behind-the-scenes of the comedy film Land of Deserts.,Redirected,"Woman on film set; caption centers male observer given access to watch her — she is spectacle, he is gaze"
mawed_0037.jpg,Al-Mawed,The Professional,ما كادت المطربة الجزائرية وردة تنزل في مطار القاهرة حتى استقلت سيارتها الكاديلاك / النجمة الحسناء زبيدة ثروت قامت بزيارة مكتب الموعد في القاهرة ظلت تقلب اعداد المجلة القديمة حتى عثرت على العدد الذي نشر فيه اول ريبورتاج مصور عنها / تشهد القاهرة اليوم بوادر غرام عنيف يتبادله الموسيقار محمد فوزي والنجمة الناشئة الهام زكي,No sooner had Algerian singer Warda landed at Cairo airport than she got into her Cadillac / Zubayda Tharwat visited Al-Mawed office in Cairo — she searched old issues until she found her own first photo reportage / Cairo witnesses early signs of violent romance between Mohamed Fawzi and rising star Elham Zaki.,Promoted,KEY IMAGE: meta-archival — a star searches this magazine for her own first image; Warda arriving; romance gossip; three registers at once
mawed_0038.jpg,Al-Mawed,The Professional,حكايات النجوم,Stories of the Stars.,Promoted,"Section header — woman made face of all celebrity gossip, not just her own story"
mawed_0040.jpg,Al-Mawed,The Modern Face,في اوقات الفراغ,In leisure time.,Match,Woman at rest — her leisure documented as worth seeing
mawed_0042.jpg,Al-Mawed,The Advertisement,جديدة وانعم من اي وقت مضى مناشف كوتكس الصحية الجديدة ذات الفعول المضمون مريحة ولها مايزات عديدة,New and softer than ever — the new Kotex sanitary towels. With guaranteed effectiveness. Comfortable and with many advantages.,Match,"Kotex sanitary ad — most intimate product, most direct address to women through a woman's image"
mawed_0043.jpg,Al-Mawed,The Professional,اجمل اغاني الموسم لاشهر مطربي ومطربات العالم العربي على اسطوانات صوت الشرق PARLOPHONE,The most beautiful songs of the season / By the most famous singers of the Arab world / On records / Voice of the East — PARLOPHONE.,Match,Parlophone Voice of the East label — Arab musical excellence on British record; woman as face of Arab song
mawed_0045.jpg,Al-Mawed,The Advertisement,اجمل فيلم لاجمل قصة عرفتها السينما المصرية من اجل حبي,The most beautiful film for the most beautiful story Egyptian cinema has ever known: For My Love.,Match,Film promotional ad with superlatives; woman as face of the greatest love story
mawed_0046.jpg,Al-Mawed,The Professional,عادت فساتين الدكلتي لجسد صباح,The decollete dresses have returned to Sabah's body.,Promoted,KEY IMAGE: Sabah's neckline treated as cultural news — the covering and uncovering of a woman's body as public event
mawed_0048.jpg,Al-Mawed,The Modern Face,التلميذة,The Student.,Match,Single word identity — woman as student; education as defining modern selfhood
mawed_0050.jpg,Al-Mawed,The Modern Face,تفرج يا سلام على شاشة التلفزيون,"Watch, oh my goodness, on the television screen!",Promoted,Television as miracle; woman as its wondrous content — exclamation elevates her to spectacle
mawed_0053.jpg,Al-Mawed,The Professional,بفكر في اللي ناسيني / هند رستم / شكري سرحان,I am thinking of the one who forgot me / Hind Rostom / Shoukry Sarhan.,Promoted,Hind Rostom (Egypt's Marilyn Monroe) — bold actress given melancholy by film title; longing beneath the glamour
mawed_0054.jpg,Al-Mawed,The Modern Face,ام كلثوم في عصر الصواريخ,Umm Kulthum in the age of rockets.,Promoted,KEY IMAGE: ancient Arab voice placed in space age — tradition and technology in one woman
mawed_0057.jpg,Al-Mawed,The Borrowed Image,مارلين مونرو في غرفة نوم عشيق جين مانسفيلد,Marilyn Monroe in the bedroom of Jayne Mansfield's lover.,Corrected,Two Hollywood icons (Monroe + Mansfield) both reduced to a bedroom love triangle; glamour punctured by scandal
