Image Name,Has Woman,Category
kawakib_0001.jpg,نعم,Modeling
kawakib_0002.jpg,نعم,Illustration | Daily Life
kawakib_0003.jpg,نعم,Modeling | Headlines | Daily Life
kawakib_0004.jpg,نعم,Advertising | Daily Life | Modeling
kawakib_0005.jpg,نعم,Modeling | Daily Life
kawakib_0006.jpg,نعم,Daily Life | Modeling
kawakib_0007.jpg,نعم,Modeling | Daily Life
kawakib_0008.jpg,نعم,Daily Life | Modeling
kawakib_0009.jpg,نعم,Modeling
kawakib_0010.jpg,لا,Politics | Headlines
kawakib_0011.jpg,نعم,Cinema | Modeling
kawakib_0012.jpg,نعم,Modeling
kawakib_0013.jpg,نعم,Romantic | Daily Life
kawakib_0014.jpg,نعم,Illustration | Daily Life
kawakib_0015.jpg,لا,غير محدد
kawakib_0016.jpg,لا,Headlines
kawakib_0017.jpg,نعم,Politics | Daily Life
kawakib_0018.jpg,نعم,Modeling | Romantic | Cinema
kawakib_0019.jpg,نعم,Daily Life | Cinema
kawakib_0020.jpg,نعم,Daily Life | Illustration
kawakib_0021.jpg,لا,Politics | Illustration
kawakib_0022.jpg,نعم,Illustration | Daily Life
kawakib_0023.jpg,نعم,Daily Life | Romantic