Image Name,Has Woman,Caption (Arabic),Caption Text,Visual Category,Caption Category,Match,Gap Type,Notes
kawakib_0001.jpg,Yes,جميلة ساحرة.. بلانكا ليدا الناشئة بالسينما تفرغت في شبابها للدراسة فبدت فيلما ص. 10 - 11,"Charming and beautiful... Blanca Lida, emerging in cinema, dedicated her youth to study, resulting in a film p. 10 - 11",The Borrowed Image,The Professional,No,Redirected,"The text frames her as a dedicated and professional actress, while the image emphasizes glamour and Western style."
kawakib_0002.jpg,Yes,مجلة الأبحاث,Research Magazine,The Modern Face | The Borrowed Image,The Modern Face,Yes,N/A,The artistic presentation aligns well with the modern theme.
kawakib_0003.jpg,Yes,"جديد مستشفى
فازولين
يحافظ هذا النظام على توفير الحماية القصوى للبشرة.","New Vaseline
Hospital
This system maintains maximum skin protection.",The Advertisement,The Advertisement,Yes,N/A,The image and text align in promoting a skincare product.
kawakib_0004.jpg,Yes,"سيجارة كوكتيل
أعطني خمسة سجائر..!!
سيجارتي المفضلة لدى كل حسناء","Cocktail Cigarette
Give me five cigarettes..!!
My favorite cigarette for every beautiful woman",The Advertisement | The Borrowed Image,The Advertisement,Yes,N/A,
kawakib_0005.jpg,Yes,ظلال الجفون الجديدة,The new eyelid shadows,The Advertisement | The Borrowed Image,The Advertisement,Yes,N/A,The image and text both emphasize modernity and style through cosmetic advertisement.
kawakib_0006.jpg,Yes,"المرأة الحديثة انتصرت في كل مكان 
وفي السوق","The modern woman triumphed everywhere
and in the market",The Professional | The Borrowed Image,The Modern Face,No,Redirected,The image suggests professionalism while the caption emphasizes modernity and triumph.
kawakib_0007.jpg,Yes,"سميرة تتحدث مع الأصدقاء
لباس أنيق لسهرة الصيف
الزهور تزين هذا الفستان الأنيق","Samira talks with friends
Elegant attire for a summer evening
Flowers adorn this elegant dress",The Modern Face | The Borrowed Image,The Advertisement,Yes,N/A,
kawakib_0008.jpg,Yes,"هذه المجموعة ملابسها بسيطة
تخرج لك موديلاتها من قماش جميل - ويعجبك ان تجعليها من القماش المحلي - وجميلة
الصيام .. وعلي الملابس
تعيش جميل وسط من التين
المختار بأناقة - ريعان
من النسيان
قبضان غزل ترعرع في
الثقاب - رياضي الصبيان
الملبدة في ثوب اللعب
والنشامى","This collection of clothes is simple.
It brings you designs from beautiful fabric - and you'd like to make them from local fabric - and beautiful.
Fasting .. and on clothes.
Live beautifully amidst carefully selected fig trees - freshness
from the material.
Warped threads grew up in
matches - the boys' athletes
clad in play attire
and fine men.",The Modern Face | The Borrowed Image,The Modern Face | The Advertisement,No,Redirected,
kawakib_0009.jpg,Yes,ابتعدي عن متاعب الصيف.,Stay away from the troubles of summer.,The Advertisement | The Borrowed Image,The Advertisement,Yes,N/A,The image and text together suggest leisure and modernity.
kawakib_0010.jpg,No,,,None,None,Yes,N/A,The page contains no image or text related to a woman.
kawakib_0011.jpg,Yes,سهير فؤاد في الحادثة المشهورة — سهير قدري... تلعب دورًا خطيرًا,Soheir Fouad in the famous incident — Soheir Kadry... plays a dangerous role,The Modern Face | The Borrowed Image,The Professional,No,Corrected,"The image presents modernity, but the caption emphasizes her professional role."
kawakib_0012.jpg,Yes,اسمع هنا... جذورها وبلدها مرأسايا ودمعها موجود... القلب المتألم للتعرف القصة كاملة,Listen here... her roots and her country Brazil and her tears exist... the pained heart to know the whole story,The Borrowed Image,The Modern Face,No,Corrected,
kawakib_0013.jpg,Yes,و البساطة,And simplicity,The Borrowed Image,The Traditional Body,No,Redirected,"The image shows a Western-style pose, while the caption emphasizes simplicity, creating a contrast."
kawakib_0014.jpg,Yes,"ثرثرة تكاد تكون كاريكاتور
بقية جيل الستينات","Chatter almost like caricature
Rest of the sixties generation",The Borrowed Image,The Modern Face,No,Redirected,"The article seems to discuss modernity, while the image uses a Western style."
kawakib_0015.jpg,No,,,None,None,No,N/A,"The page is blank, with no visible images or text."
kawakib_0016.jpg,No,,,None,None,Yes,N/A,The page does not contain an image of a woman.
kawakib_0017.jpg,Yes,تقدر الكوادر بنشر هذه الصورة لفتاة المجندة للجيش الإسرائيلي قبل أن تصبح نجمة لامعة في هوليوود,The cadres estimate publishing this image of the girl recruited by the Israeli army before she becomes a bright star in Hollywood,The Modern Face,The Modern Face | The Professional,Yes,N/A,
kawakib_0018.jpg,Yes,نينا ودانا: نجمة هوليوود للسنيما والمسرح، تظهر بفستان قصير ومودرن,"Nina Wodana: Hollywood star of cinema and theater, appears in a short and modern dress",The Borrowed Image,The Modern Face | The Borrowed Image,Yes,N/A,The image and caption both present a modern and Western-influenced portrayal.
kawakib_0019.jpg,Yes,غيّر حياتك... مع جلسة نجمة الشاشة,Change your life... with a session of the screen star,The Borrowed Image,The Advertisement,No,Redirected,The woman's fashionable appearance contrasts with the promotional tone of the caption.
kawakib_0020.jpg,Yes,"سهرة عربية
سهرة وضاءة عامرة قطفتها الرسام أخبار المركز الرئيسي لحلف بغداد قبل الرحيل وختمها بألوان الفن الريفي المختلفة أدتها أمامه فتيات فرقة رضا للفن الشعبي بقيادة الراقص الأول الفنان محمود رضا...
وهكذا خلدت الليلة وتشعبت الشاشة على التليفزيون المصري للرقص الشعبي وقدمت على المسرح تعدداً من المناظر الزراعية في الريف الصميم...
رجاء المنذور للفن الشعبي العربي ترحيلاً للفكر المركز وربط التابع بفوق الرقصات الشعبية تؤديها نخبة النساء.","An Arab Evening
A radiant and full evening captured by the artist, the Baghdad Pact Headquarters News before departure, concluded with various rural art colors performed in front of him by the girls of the Reda Troupe for Folk Art led by the first dancer, the artist Mahmoud Reda...
Thus, the night was immortalized and the screen on Egyptian television shared the folk dance and performed on stage a variety of agricultural scenes in the core countryside...
Rajaa Al-Munathir for Arab folk art, transferring centralized thought and linking the subordinate with the above in popular dances performed by a select group of women.",The Traditional Body,The Traditional Body,Yes,N/A,The text and image align well in their portrayal of traditional dance.
kawakib_0021.jpg,No,,,None,None,Yes,N/A,
kawakib_0022.jpg,Yes,زيادة رغوة الصابون تجعل الغسيل أكثر نعومة ونظافة,Increased soap foam makes washing softer and cleaner,The Advertisement,The Advertisement,Yes,N/A,"The woman's modern appearance aligns with the promotional text, both emphasizing cleanliness and modernity."
kawakib_0023.jpg,Yes,حقائق,Facts,The Borrowed Image,The Advertisement,No,Redirected,"The image humorously plays with traditional and modern roles, using a Western style."
