Image Name,Has Woman,Visual Category,Notes
ethnayn2_0001.jpeg,Yes,The Advertisement | The Borrowed Image,"The woman is presented in a glamorous and theatrical manner, likely for promotional purposes."
ethnayn2_0002.jpeg,Yes,The Advertisement,"A young girl in a swimsuit is part of the composition, suggesting advertising elements."
ethnayn2_0003.jpeg,Yes,The Traditional Body,"The woman is depicted holding a rifle, suggesting strength and tradition."
ethnayn2_0004.jpeg,Yes,The Borrowed Image,The woman is presented with Western-style hair and attire.
ethnayn2_0005.jpeg,Yes,The Traditional Body,"The woman is depicted in traditional attire, signaling cultural continuity."
ethnayn2_0006.jpeg,Yes,The Advertisement | The Borrowed Image,Includes a Western-style pose in an advertisement.
ethnayn2_0007.jpeg,Yes,The Advertisement,A woman's image is part of an advertisement on the left side of the page.
ethnayn2_0008.jpeg,No,None,
ethnayn2_0009.jpeg,Yes,The Modern Face | The Advertisement | The Borrowed Image,"The page features women in glamorous, Western-influenced attire, suggesting modernity and advertising."
ethnayn2_0010.jpeg,Yes,The Modern Face | The Advertisement,"Women are presented in decorative frames, suggesting a focus on glamour."
ethnayn2_0011.jpeg,Yes,The Traditional Body,"The woman appears in traditional clothing, signifying cultural continuity."
ethnayn2_0012.jpeg,No,None,
ethnayn2_0013.jpeg,Yes,The Traditional Body,"The woman is depicted wearing traditional attire, emphasizing cultural continuity."
ethnayn2_0014.jpeg,Yes,The Advertisement,The woman is depicted in a Western-style pose with an emphasis on her hair.
ethnayn2_0015.jpeg,Yes,The Advertisement | The Borrowed Image,"The woman is depicted in a Western-style dress, likely promoting a product."
ethnayn2_0016.jpeg,Yes,The Modern Face,"Women are dressed in uniforms and appear happy, suggesting modernity and progress."
ethnayn2_0017.jpeg,Yes,The Advertisement,"A woman is shown caring for a child, likely advertising a product related to health or well-being."
ethnayn2_0018.jpeg,No,None,The page features cartoon-style illustrations with a humorous theme.
ethnayn2_0019.jpeg,Yes,The Advertisement,The woman is dressed in Western-style clothing and appears in an advertisement context.
ethnayn2_0020.jpeg,Yes,The Advertisement | The Professional,"The page features women in glamorous poses, likely promoting a movie."
ethnayn2_0021.jpeg,Yes,The Traditional Body,"The woman is depicted in a traditional setting, suggesting cultural continuity."
ethnayn2_0022.jpeg,Yes,The Borrowed Image,"Women are depicted in Western-style attire and activities, such as serving tea and fishing."
ethnayn2_0023.jpeg,No,None,
ethnayn2_0024.jpeg,Yes,The Modern Face | The Professional,"The women are involved in professional activities, suggesting progress and achievement."
ethnayn2_0025.jpeg,Yes,The Traditional Body,The woman is depicted as a figure emerging from water with traditional elements like a crown or headpiece.
ethnayn2_0026.jpeg,No,None,
ethnayn2_0027.jpeg,Yes,The Modern Face,The woman's image is overlaid in a modern artistic style.
ethnayn2_0028.jpeg,Yes,The Modern Face | The Traditional Body,The page features a contrast between a modern portrait and a traditional setting with cultural attire.
ethnayn2_0029.jpeg,No,None,The page contains architectural and everyday life images.
ethnayn2_0030.jpeg,Yes,The Advertisement,A woman is depicted in a graceful pose likely promoting beauty products.
ethnayn2_0031.jpeg,Yes,The Borrowed Image,The woman's illustration has a Western-style pose and dress.
ethnayn2_0032.jpeg,No,None,The page features images of men in scientific or experimental contexts.
ethnayn2_0033.jpeg,Yes,The Advertisement,"The woman is interacting with a doll, suggesting a promotional context."
ethnayn2_0034.jpeg,Yes,The Advertisement,The image of a woman on the left side is used prominently in an advertisement context.
ethnayn2_0035.jpeg,No,None,
ethnayn2_0036.jpeg,Yes,The Modern Face | The Advertisement,"A woman is featured in an advertisement, suggesting modernity and consumer culture."
ethnayn2_0037.jpeg,Yes,The Advertisement,The woman is used in an advertisement context.
ethnayn2_0038.jpeg,No,None,The page features illustrations but no clear image of a woman.
ethnayn2_0039.jpeg,No,None,The page primarily consists of a text layout and a clock advertisement featuring a running figure.
ethnayn2_0040.jpeg,Yes,The Advertisement | The Borrowed Image,"The woman is drawn in a style influenced by Western illustrations, holding a drink."
ethnayn2_0041.jpeg,Yes,The Modern Face | The Professional,"The woman is presented in a classroom setting, suggesting educational progress."
ethnayn2_0042.jpeg,Yes,The Borrowed Image,Cartoonish drawings depict a woman in Western-style poses.
ethnayn2_0043.jpeg,Yes,The Advertisement | The Borrowed Image,The woman is depicted smoking with a Western-style appearance.
ethnayn2_0044.jpeg,No,None,The page primarily depicts military scenes with soldiers and artillery.
ethnayn2_0045.jpeg,Yes,The Advertisement | The Borrowed Image,A woman is featured in an advertisement with a Western-style pose and attire.
ethnayn2_0046.jpeg,Yes,The Traditional Body,The woman is shown engaging with a pet cat in a homely setting.
ethnayn2_0047.jpeg,Yes,The Traditional Body,"The woman is presented in a nurturing role, holding a child in her lap."
ethnayn2_0048.jpeg,Yes,The Professional,The image shows a professional setting with a woman engaged in discussion.
ethnayn2_0049.jpeg,No,None,The page features refrigerator illustrations prominently.
ethnayn2_0050.jpeg,Yes,The Traditional Body,"A woman is depicted in a cartoon, interacting with a man outside a window."
ethnayn2_0051.jpeg,No,None,"The page features men and children, no woman is present."
ethnayn2_0052.jpeg,Yes,The Traditional Body,A cartoon woman is playing the piano in traditional attire.
ethnayn2_0053.jpeg,No,None,
ethnayn2_0054.jpeg,Yes,The Advertisement,"The woman is depicted engaging with a device, likely in a promotional context."
ethnayn2_0055.jpeg,No,None,
ethnayn2_0056.jpeg,Yes,The Advertisement,"The woman is depicted holding a product, suggesting a sales or promotional context."
ethnayn2_0057.jpeg,No,None,Image primarily features a car advertisement.
ethnayn2_0058.jpeg,Yes,The Borrowed Image,The woman is shown in a Western-style drawing on a pink background.
ethnayn2_0059.jpeg,Yes,The Advertisement,A woman is shown in a glamorous pose in what appears to be an advertisement.
ethnayn2_0060.jpeg,Yes,The Advertisement | The Borrowed Image,The woman is depicted in a Western-style pose with elaborate accessories.
ethnayn2_0061.jpeg,Yes,The Traditional Body,A woman is depicted lying down in a dramatic scene with traditional elements.
ethnayn2_0062.jpeg,Yes,The Borrowed Image,"The women are dressed in a modern style, interacting playfully."
ethnayn2_0063.jpeg,Yes,The Advertisement | The Modern Face,"The woman is depicted in a modern style, likely as part of an advertisement."
ethnayn2_0064.jpeg,No,None,The image features two men in an illustration located centrally on the page.
ethnayn2_0065.jpeg,Yes,The Advertisement | The Traditional Body,"The page includes an illustration of a woman reading with a man, and an advertisement with a traditionally dressed woman."
ethnayn2_0066.jpeg,No,None,"Illustration depicts a scene with stylized characters, possibly male."
ethnayn2_0067.jpeg,No,None,The page primarily includes text and advertisements without illustrating women.
ethnayn2_0068.jpeg,No,None,"The page contains images of a man, a radio, and kitchen equipment."
ethnayn2_0069.jpeg,Yes,The Advertisement,"A comic-style drawing shows a woman in bed, appearing surprised or startled."
ethnayn2_0070.jpeg,Yes,The Advertisement,A woman's image is prominently used in an advertisement illustration.
ethnayn2_0071.jpeg,Yes,The Advertisement | The Borrowed Image,"The woman is applying lipstick, and her pose is stylized and Western-influenced."
ethnayn2_0072.jpeg,Yes,The Advertisement,"The woman is depicted walking with a man, suggesting an advertisement context."
ethnayn2_0073.jpeg,Yes,The Advertisement | The Borrowed Image,"Women are wearing hats with bunny ears, suggesting a playful and modern styling."
ethnayn2_0074.jpeg,Yes,The Advertisement,A woman is shown in a small illustration as part of an advertisement for Vicks Vaporub.
ethnayn2_0075.jpeg,No,None,The page predominantly features text and images of shoes.
ethnayn2_0076.jpeg,No,None,"The images primarily depict men and children in a swimming pool setting, engaged in sports activities."
ethnayn2_0077.jpeg,Yes,The Borrowed Image,The woman is presented in a Western-style fashion and setting.
ethnayn2_0078.jpeg,Yes,The Advertisement | The Modern Face,The images include women in modern dress as part of advertisements.
ethnayn2_0079.jpeg,Yes,The Modern Face | The Professional,"The woman is speaking at a microphone, suggesting a professional or modern context."
ethnayn2_0080.jpeg,Yes,The Advertisement,Women are depicted in elegant portraits possibly for promotional purposes.
ethnayn2_0081.jpeg,Yes,The Borrowed Image | The Advertisement,"The woman is posed glamorously, likely for promotional purposes."
ethnayn2_0082.jpeg,Yes,The Modern Face,"The woman is wearing a stylish hat and dressed fashionably, seated among men in a formal setting."
ethnayn2_0083.jpeg,Yes,The Traditional Body,The woman is depicted in a traditional and modest manner.
ethnayn2_0084.jpeg,No,None,The image shows an airplane and has no women present.
ethnayn2_0085.jpeg,No,None,The image is a cartoon with no women present.
ethnayn2_0086.jpeg,Yes,The Traditional Body,The woman is wearing traditional clothing and is part of a social scene.
ethnayn2_0087.jpeg,Yes,The Advertisement,"A woman is featured prominently in an advertisement, smiling and dressed in a traditional style."
ethnayn2_0088.jpeg,Yes,The Modern Face | The Professional,"A woman is engaged in speaking or performing, suggesting a professional role."
ethnayn2_0089.jpeg,Yes,The Modern Face,"The women are dressed in modern, Western-style clothing and hats."
ethnayn2_0090.jpeg,Yes,The Borrowed Image,The women are drawn in a Western style with elaborate hairstyles and modern clothing.
ethnayn2_0091.jpeg,No,None,The page features only text and a small caricature of a man wearing a fez.
ethnayn2_0092.jpeg,Yes,The Modern Face,The woman is styled with elegant makeup and a modern hairstyle.
ethnayn2_0093.jpeg,Yes,The Advertisement | The Borrowed Image,"The women are presented in glamorous, Western-style poses."
ethnayn2_0094.jpeg,No,None,"The page contains a drawing of a person with a firefighter, but no clear depiction of a woman."
ethnayn2_0095.jpeg,Yes,The Professional,"A woman is shown standing and teaching in a classroom, indicating a professional role."
ethnayn2_0096.jpeg,No,None,
ethnayn2_0097.jpeg,Yes,The Professional | The Advertisement,There is an advertisement featuring a woman in a professional or filmic role.
ethnayn2_0098.jpeg,No,None,"The page features an image of a man, likely in a formal context."
ethnayn2_0099.jpeg,Yes,The Advertisement | The Borrowed Image,"Women are posed with a radio, suggesting modernity and possibly advertising the product."
ethnayn2_0100.jpeg,Yes,The Borrowed Image,The woman is shown in a Western-style pose and attire.
ethnayn2_0101.jpeg,Yes,The Advertisement,"The woman is depicted in Western-style clothing, signaling modernity."
ethnayn2_0102.jpeg,Yes,The Traditional Body,The woman is dressed in traditional attire.
ethnayn2_0103.jpeg,No,None,
ethnayn2_0104.jpeg,Yes,The Advertisement | The Borrowed Image,A woman is featured in an advertisement with Western-style illustration and makeup.
ethnayn2_0105.jpeg,Yes,The Borrowed Image,"The woman is depicted in a cartoonish, playful style."
ethnayn2_0106.jpeg,No,None,
ethnayn2_0107.jpeg,Yes,The Advertisement,"A woman is prominently featured in an advertisement, suggesting a connection to modernity."
ethnayn2_0108.jpeg,Yes,The Borrowed Image,The woman is posed in a Western style with a basket of flowers.
ethnayn2_0109.jpeg,Yes,The Advertisement,"A woman is depicted in an advertisement, appearing smiling and happy, likely to promote a product."
ethnayn2_0110.jpeg,Yes,The Traditional Body | The Advertisement,The woman is traditionally dressed and featured in an advertisement context.
ethnayn2_0111.jpeg,Yes,The Advertisement | The Borrowed Image,The layout prominently features women in glamorous and Western-style poses.
ethnayn2_0112.jpeg,Yes,The Advertisement | The Borrowed Image,The woman is depicted in a Western-style pose with jewelry and styled hair.
ethnayn2_0113.jpeg,No,None,Image primarily consists of a radio advertisement.
ethnayn2_0114.jpeg,Yes,The Modern Face | The Advertisement | The Professional,Large portrait with distinct makeup and elegant hairstyle.
ethnayn2_0115.jpeg,Yes,The Advertisement | The Borrowed Image,The page features women with Western-style hairstyles and makeup.
ethnayn2_0116.jpeg,Yes,The Traditional Body | The Professional,"The woman is interacting with children, indicating a professional and nurturing role."
ethnayn2_0117.jpeg,Yes,The Advertisement,The woman's image is used to promote a bar of soap.
ethnayn2_0118.jpeg,Yes,The Professional,"The woman is depicted standing in front of a classroom, engaging with children, suggesting a role in education."
ethnayn2_0119.jpeg,Yes,The Traditional Body,"The image shows women in traditional settings, possibly involved in teaching or childcare."
ethnayn2_0120.jpeg,Yes,The Advertisement | The Traditional Body,The page features women in traditional attire and posed in an advertisement style.
ethnayn2_0121.jpeg,Yes,The Traditional Body,The woman appears in traditional attire with a domestic role.
ethnayn2_0122.jpeg,No,None,The page contains a cartoon depicting male figures in a humorous context.
ethnayn2_0123.jpeg,Yes,None,"The image shows a woman engaged in a physical activity, with other people involved in an event."
ethnayn2_0124.jpeg,Yes,The Advertisement,"A woman appears in an advertisement for Quaker Oats, notably styled in a mid-20th century illustration."
ethnayn2_0125.jpeg,No,None,
ethnayn2_0126.jpeg,Yes,The Advertisement,The woman is smiling and presented in a stylized advertisement for perfume.
ethnayn2_0127.jpeg,Yes,The Borrowed Image,"The woman is dressed in elaborate, ornate attire with a Western-style pose."
ethnayn2_0128.jpeg,No,None,
ethnayn2_0129.jpeg,No,None,The image features a group of men in formal attire.
ethnayn2_0130.jpeg,No,None,"The image features a cartoon figure, not a woman."
ethnayn2_0131.jpeg,Yes,The Borrowed Image,"The woman is dressed in a Western-style sailor outfit with a hat, holding a fishing rod against a pastel background."
ethnayn2_0132.jpeg,No,None,"The image features a cartoonish character that is likely male, wearing a traditional fez."
ethnayn2_0133.jpeg,No,None,"Cartoon with birds, no women present."
ethnayn2_0134.jpeg,No,None,The page features illustrations related to products and articles.
ethnayn2_0135.jpeg,Yes,The Traditional Body,"The woman is depicted in a traditional, perhaps historical, costume suggestive of cultural continuity."
ethnayn2_0136.jpeg,Yes,The Modern Face | The Traditional Body,"The women are presented with sleek, modern hairstyles while maintaining traditional attire."
ethnayn2_0137.jpeg,Yes,The Professional | The Traditional Body,"A woman is shown in a nurturing and professional role, possibly a nurse."
ethnayn2_0138.jpeg,Yes,The Borrowed Image,The woman is presented lounging in a Western-style pose with contemporary fashion.
ethnayn2_0139.jpeg,Yes,The Advertisement | The Borrowed Image,"The woman is dressed in a Western-style garment, posed elegantly to convey beauty and modernity."
ethnayn2_0140.jpeg,No,None,The page contains illustrations primarily of animals and abstract figures.
ethnayn2_0141.jpeg,Yes,The Borrowed Image,The woman is dressed in a Western-style outfit with an empowered pose.
ethnayn2_0142.jpeg,No,None,A cartoon of monkeys and zookeepers is notable in the center.
ethnayn2_0143.jpeg,No,None,The page includes illustrations of men and a globe but no women are present.
ethnayn2_0144.jpeg,Yes,The Traditional Body,"The image depicts women in ancient-style artwork, highlighting cultural continuity."
ethnayn2_0145.jpeg,Yes,The Borrowed Image,The woman is interacting with animals in a playful and dynamic way.
ethnayn2_0146.jpeg,No,None,The page contains illustrations of men in humorous situations.
ethnayn2_0147.jpeg,Yes,The Borrowed Image,The woman is depicted in a Western-style dress and pose within a cartoon strip.
ethnayn2_0148.jpeg,Yes,The Borrowed Image,The woman's pose and hair style resemble Western fashion.
ethnayn2_0149.jpeg,Yes,The Advertisement,"A woman is illustrated speaking on the phone with a cup and book, suggesting a domestic or leisurely setting."
ethnayn2_0150.jpeg,Yes,The Advertisement | The Professional,The woman's image is prominently featured in what appears to be an advertisement or promotional material.
ethnayn2_0151.jpeg,Yes,The Traditional Body,The woman is depicted in a traditional manner with a headscarf.
ethnayn2_0152.jpeg,No,None,"The image contains cartoonish drawings, primarily featuring a man and a monkey, with no clear depiction of a woman."
ethnayn2_0153.jpeg,Yes,The Advertisement,"The woman is depicted smiling while brushing her teeth, likely promoting a dental product."
ethnayn2_0154.jpeg,Yes,The Modern Face | The Advertisement,"The woman is holding a bag and interacting with two men, suggesting modern urban life."
ethnayn2_0155.jpeg,No,None,The page features an advertisement with a man drinking a beverage.
ethnayn2_0156.jpeg,Yes,The Advertisement | The Borrowed Image,"The woman is stylishly dressed, typical of an advertisement with a Western influence."
ethnayn2_0157.jpeg,No,None,The page features illustrations predominantly of men demonstrating medical symptoms.
ethnayn2_0158.jpeg,Yes,The Modern Face | The Advertisement,"Women are visibly enjoying leisurely bike rides, indicating modernity and active lifestyle."
ethnayn2_0159.jpeg,No,None,The image shows a cartoon of an older man in a striped swimsuit playing a musical instrument by the sea.
ethnayn2_0160.jpeg,Yes,The Advertisement,"The woman is depicted alongside a man in a stylized, promotional manner."
ethnayn2_0161.jpeg,No,None,The page contains text with a large starburst graphic but no images of people.
ethnayn2_0162.jpeg,Yes,The Traditional Body,"The woman is depicted in a traditional gown or robe, standing to the side of two men in an illustration."
ethnayn2_0163.jpeg,Yes,The Advertisement,A woman's image is used in a promotional segment for a product.
ethnayn2_0164.jpeg,No,None,
ethnayn2_0165.jpeg,Yes,The Borrowed Image,"The women are dressed in Western-style clothing while holding fish, suggesting a leisure activity."
ethnayn2_0166.jpeg,Yes,The Borrowed Image | The Advertisement,"The woman is portrayed in a glamorous, Western-style fashion with flowers and a car, suggesting modernity and luxury."
ethnayn2_0167.jpeg,Yes,The Advertisement,A woman is depicted in the advertisement section promoting a product.
ethnayn2_0168.jpeg,Yes,The Borrowed Image,"The woman is depicted in a relaxed, Western-style pose, while remaining distinctly Arab in context."
ethnayn2_0169.jpeg,Yes,The Professional | The Borrowed Image,"The woman is posed with animals, suggesting an adventurous or theatrical context."
ethnayn2_0170.jpeg,Yes,The Advertisement | The Borrowed Image,"Women are depicted seated, socializing, and one is smoking a hookah."
ethnayn2_0171.jpeg,Yes,The Modern Face | The Advertisement,The women are depicted engaging with a product in a lively setting.
ethnayn2_0172.jpeg,No,None,Image contains caricatures of two men.
ethnayn2_0173.jpeg,Yes,The Advertisement,"The woman is depicted applying lipstick, suggesting a focus on beauty and modernity."
ethnayn2_0174.jpeg,Yes,The Advertisement | The Borrowed Image,"The woman is presented in a glamorous pose with a confident smile, reminiscent of Western-style magazine imagery."
ethnayn2_0175.jpeg,No,None,"Illustration of a man on horseback, no woman present."
ethnayn2_0176.jpeg,Yes,The Advertisement,A silhouette of a woman's face is used in the soap advertisement.
ethnayn2_0177.jpeg,Yes,The Advertisement,"The woman is depicted in a simple, illustrated style in the lower advertisement."
ethnayn2_0178.jpeg,No,None,The images predominantly feature a man with a dog on steps.
ethnayn2_0179.jpeg,No,None,The page features creatively arranged vegetables resembling animals.
ethnayn2_0180.jpeg,Yes,The Borrowed Image,The image depicts a stylized Statue of Liberty with a distinctly altered context.
ethnayn2_0181.jpeg,Yes,The Modern Face | The Traditional Body,"Women are shown in both modern and traditional attire, indicating a contrast."
ethnayn2_0182.jpeg,No,None,
ethnayn2_0183.jpeg,Yes,The Advertisement | The Borrowed Image,"The woman is dressed in a whimsical costume, emerging from an eggshell."
ethnayn2_0184.jpeg,No,None,The page contains illustrations related to a product advertisement and an airline.
ethnayn2_0185.jpeg,Yes,The Traditional Body,"The woman is dressed in a traditional outfit with a headscarf, indicating cultural continuity."
ethnayn2_0186.jpeg,Yes,The Advertisement | The Borrowed Image,"The woman is depicted in a glamorous, Western-style portrait setting."
ethnayn2_0187.jpeg,Yes,The Advertisement,The image includes a drawing of a woman in a car advertisement.
ethnayn2_0188.jpeg,Yes,The Traditional Body | The Modern Face,"The women are depicted in both traditional and modern attire, indicating a blend of cultural continuity and urban modernity."
ethnayn2_0189.jpeg,Yes,The Modern Face | The Traditional Body,"A woman is depicted in a modern, fashionable context, yet retains a traditional elegance."
ethnayn2_0190.jpeg,No,None,The page predominantly features text and a male figure in an advertisement.
ethnayn2_0191.jpeg,Yes,The Modern Face | The Borrowed Image,"The illustration features two women with modern hairstyles and makeup, in a Western-influenced artistic style."
ethnayn2_0192.jpeg,Yes,The Modern Face | The Borrowed Image,"The women are styled in Western fashion, with sleek hairstyles and modern attire."
ethnayn2_0193.jpeg,Yes,The Modern Face | The Traditional Body,There are images of a woman dancing and another in a dynamic pose highlighting modernity.
ethnayn2_0194.jpeg,Yes,The Advertisement | The Borrowed Image,The woman in the advertisement has a Western-style appearance.
ethnayn2_0195.jpeg,Yes,The Modern Face | The Traditional Body,"A woman is shown on a magazine cover in modern attire, while a girl in traditional dress is in the group photo."
ethnayn2_0196.jpeg,Yes,The Advertisement | The Borrowed Image,"The women are depicted in a fashion-oriented, theatrical setting."
ethnayn2_0197.jpeg,No,None,The page features two men playing tennis with a British flag on their shorts.
ethnayn2_0198.jpeg,No,None,
ethnayn2_0199.jpeg,Yes,The Advertisement | The Borrowed Image,"A woman is depicted in a stylish coat, hinting at Western influence."
ethnayn2_0200.jpeg,Yes,The Advertisement | The Traditional Body,A traditional bridal dress is noticeable alongside a woman promoting a product.
ethnayn2_0201.jpeg,No,None,The page features men working with machinery and a car advertisement.
ethnayn2_0202.jpeg,Yes,The Professional,"The woman is prominently featured with two men, suggesting a role in performance or media."
ethnayn2_0203.jpeg,Yes,The Advertisement | The Borrowed Image,The woman is holding a colorful umbrella against a bright blue sky.
ethnayn2_0204.jpeg,No,None,
ethnayn2_0205.jpeg,Yes,The Advertisement,A woman is illustrated applying makeup and is part of an advertisement.
ethnayn2_0206.jpeg,Yes,The Modern Face | The Borrowed Image,The woman is depicted in a sophisticated style with Western-influenced fashion.
ethnayn2_0207.jpeg,Yes,The Modern Face,The woman is presented in a modern and stylish manner.
ethnayn2_0208.jpeg,Yes,The Advertisement | The Borrowed Image,The woman is depicted in a cartoon with a Western-style dress and pose.
ethnayn2_0209.jpeg,Yes,The Modern Face | The Advertisement,The image includes a woman in modern attire in an urban setting.
ethnayn2_0210.jpeg,Yes,The Modern Face | The Professional,"Women are seen participating in organized, uniformed activities, suggesting progress and professionalism."
ethnayn2_0211.jpeg,Yes,The Advertisement | The Borrowed Image,"The woman is depicted in a Western-style pose, used in an advertisement for a product."
ethnayn2_0212.jpeg,Yes,The Advertisement,There is an illustration of a woman in an advertisement context.
ethnayn2_0213.jpeg,Yes,The Professional,A group of women appear engaged in a technical or educational activity.
ethnayn2_0214.jpeg,Yes,The Borrowed Image,The woman is in a Western-style dress and seated in a modern setting.
ethnayn2_0215.jpeg,No,None,The page primarily features images of a muscular man in bodybuilding poses.
ethnayn2_0216.jpeg,Yes,The Professional | The Advertisement,"The woman appears in a posed setting, suggesting a public figure or promoting an idea."
ethnayn2_0217.jpeg,Yes,The Advertisement | The Borrowed Image,"The women are stylishly dressed, suggesting a Western influence in their fashion."
ethnayn2_0218.jpeg,Yes,None,"A cartoon of a woman and a young girl is present, but it does not fit any specific category."
ethnayn2_0219.jpeg,Yes,The Advertisement,"A woman's face is shown alongside products, suggesting a marketing context."
ethnayn2_0220.jpeg,Yes,The Borrowed Image,The woman is dressed in a Western-style fashionable outfit with a hat adorned with flowers.
ethnayn2_0221.jpeg,Yes,The Advertisement,Woman appears in a classic advertisement style.
ethnayn2_0222.jpeg,No,None,
ethnayn2_0223.jpeg,Yes,The Borrowed Image,"Women wear Western-style hats and dresses, signaling a blend of cultural influences."
ethnayn2_0224.jpeg,Yes,The Advertisement | The Borrowed Image,"The woman is elegantly dressed, suggesting Western influence."
ethnayn2_0225.jpeg,Yes,The Professional,A woman is shown in a portrait likely indicating her professional status.
ethnayn2_0226.jpeg,No,None,The image depicts two men in a dramatic scene.
ethnayn2_0227.jpeg,No,None,The image primarily shows a man in cultural attire.
ethnayn2_0228.jpeg,No,None,"The page contains images of men, and no women are visually present."
ethnayn2_0229.jpeg,Yes,The Borrowed Image,The woman is portrayed with a Western-style pose and elegant attire.
ethnayn2_0230.jpeg,Yes,The Borrowed Image,"The woman is facing a mirror with a product on the table, suggesting a focus on appearance."
ethnayn2_0231.jpeg,Yes,The Advertisement | The Borrowed Image,The image features a woman in a pose suggestive of action or drama.
ethnayn2_0232.jpeg,Yes,The Borrowed Image | The Advertisement,"The woman is smiling with a tennis racket, suggesting an active lifestyle."
ethnayn2_0233.jpeg,No,None,"The page contains an illustration with men dining, but no woman is present."
ethnayn2_0234.jpeg,Yes,The Professional,Image shows a woman in a nurse's outfit observing a surgical procedure.
ethnayn2_0235.jpeg,Yes,The Advertisement | The Modern Face,"A woman's image is prominently featured in a heart-shape design, suggesting modernity and romantic appeal."
ethnayn2_0236.jpeg,Yes,The Advertisement,"The woman is elegantly dressed, exuding a sense of luxury and sophistication."
ethnayn2_0237.jpeg,Yes,The Professional | The Modern Face,"The woman is presented in a contemporary dress, engaging with art."
ethnayn2_0238.jpeg,Yes,The Borrowed Image,The woman is portrayed in a Western-style cartoon drawing with exaggerated features.
ethnayn2_0239.jpeg,Yes,The Advertisement | The Borrowed Image,The image features a stylized Western look with vivid colors and an automobile advertisement.
ethnayn2_0240.jpeg,Yes,The Traditional Body,The image depicts a woman in traditional attire interacting dramatically with a man.
ethnayn2_0241.jpeg,No,None,There is a prominent hand illustration but no full depiction of a woman.
ethnayn2_0242.jpeg,Yes,The Modern Face | The Advertisement,"The woman is holding a statuette, suggesting modernity and promotion."
ethnayn2_0243.jpeg,Yes,The Traditional Body,Women appear to be engaged in traditional tasks in a rural setting.
ethnayn2_0244.jpeg,No,None,
ethnayn2_0245.jpeg,Yes,The Borrowed Image,"The woman is depicted with a colorful, floral hat and a Western-style pose."
ethnayn2_0246.jpeg,Yes,The Modern Face | The Traditional Body,A woman is pictured with traditional clothing alongside a man in a formal setting.
ethnayn2_0247.jpeg,No,None,The page features several men in traditional attire.
ethnayn2_0248.jpeg,No,None,
ethnayn2_0249.jpeg,No,None,"The page contains text and decorative elements, with no clear image depicting a woman."
ethnayn2_0250.jpeg,Yes,The Professional,"A woman is present in a group gathered around a table, suggesting a professional or educational setting."
ethnayn2_0251.jpeg,Yes,The Advertisement,"The women are depicted in framed illustrations around a soap product, emphasizing domestic life."
ethnayn2_0252.jpeg,Yes,The Advertisement,"The woman is depicted with a sophisticated hairstyle and makeup, typical of promotional imagery."
ethnayn2_0253.jpeg,Yes,The Advertisement,The woman is depicted with an engaging pose and attire in the advertisement section.
ethnayn2_0254.jpeg,Yes,The Modern Face | The Advertisement,"The woman is elegantly dressed, suggesting urban modernity and is part of an advertisement layout."
ethnayn2_0255.jpeg,No,None,The image primarily features a group of men in a meeting or discussion.
ethnayn2_0256.jpeg,Yes,The Professional,"A woman is presented in a maid uniform, indicative of a professional role."
ethnayn2_0257.jpeg,Yes,The Advertisement | The Borrowed Image,"The woman is in a Western-style graduation cap and dress, promoting an educational or modern theme."
ethnayn2_0258.jpeg,Yes,The Modern Face | The Advertisement,Women are shown cycling and relaxing in modern Western-style dresses.
ethnayn2_0259.jpeg,No,None,"The page features an image of a car, likely as an advertisement."
ethnayn2_0260.jpeg,No,None,The page features cartoonish illustrations and text without any clear depiction of a woman.
ethnayn2_0261.jpeg,No,None,The page features decorative elements with animals and nature motifs.
ethnayn2_0262.jpeg,Yes,The Modern Face | The Professional,The woman is dressed in modern attire and associated with a scientific or professional setting.
ethnayn2_0263.jpeg,Yes,The Advertisement | The Modern Face,"The woman is depicted in a modern pose, possibly related to advertising or media."
ethnayn2_0264.jpeg,No,None,
ethnayn2_0265.jpeg,Yes,The Advertisement,A woman is depicted in a cartoonish advertisement suggesting modernity and style.
ethnayn2_0266.jpeg,No,None,The page prominently features a figure appearing to promote a film.
ethnayn2_0267.jpeg,Yes,The Advertisement,A cartoon with a woman is used in a comical or illustrative manner.
ethnayn2_0268.jpeg,Yes,The Advertisement | The Borrowed Image,"The woman is portrayed in a stylish and elegant manner with a large hat, typical of Western fashion influences."
ethnayn2_0269.jpeg,No,None,The page primarily features a refrigerator advertisement and a cartoon with two men in carriages.
ethnayn2_0270.jpeg,Yes,The Professional,"Women are presented among various professionals, suggesting a role in arts or entertainment."
ethnayn2_0271.jpeg,Yes,The Advertisement,"A cartoon-like illustration of a woman with a man, possibly used for humorous or selling purposes."
ethnayn2_0272.jpeg,No,None,"The page consists of multiple images of men in formal settings, possibly in a meeting or conference."
ethnayn2_0273.jpeg,No,None,The page features images of four men in traditional hats.
ethnayn2_0274.jpeg,Yes,The Traditional Body,"Girls in traditional attire are present, signaling cultural continuity."
ethnayn2_0275.jpeg,Yes,The Advertisement,A woman's face is used in a product advertisement.
ethnayn2_0276.jpeg,Yes,The Advertisement | The Modern Face,"The woman is depicted in a modern, professional style, suggesting education or sophistication."
ethnayn2_0277.jpeg,Yes,The Advertisement,"The woman is depicted holding an umbrella and smiling, giving a sense of modernity and positivity."
ethnayn2_0278.jpeg,No,None,The page primarily features advertisements and text without depictions of women.
ethnayn2_0279.jpeg,No,None,The image predominantly features a man involved in traditional craftsmanship.
ethnayn2_0280.jpeg,No,None,
ethnayn2_0281.jpeg,No,None,The page contains images of men in military attire.
ethnayn2_0282.jpeg,Yes,The Borrowed Image,"The woman is depicted with a Western-style pose and dress, yet remains distinctly Arab in context."
ethnayn2_0283.jpeg,Yes,The Professional,"The woman is presented in a confident, professional manner, potentially during a speech or discussion."
ethnayn2_0284.jpeg,Yes,The Advertisement,The woman is illustrated in a style typical of advertisements from that era.
ethnayn2_0285.jpeg,Yes,The Traditional Body,The woman's attire and posture suggest a traditional role within the group.
ethnayn2_0286.jpeg,No,None,
ethnayn2_0287.jpeg,Yes,The Advertisement,"The woman is depicted drinking and enjoying a Coca-Cola, reflecting modern consumer culture."
ethnayn2_0288.jpeg,Yes,The Modern Face | The Advertisement,"The page features a woman in a modern, polished pose within an advertisement."
ethnayn2_0289.jpeg,No,None,
ethnayn2_0290.jpeg,No,None,
ethnayn2_0291.jpeg,Yes,The Modern Face | The Advertisement,"The woman is wearing modern attire with a Western-style hat, and her image appears to be part of an advertisement."
ethnayn2_0292.jpeg,Yes,The Modern Face | The Borrowed Image,"Women are shown in relaxed and informal poses, indicative of modernity."
ethnayn2_0293.jpeg,Yes,The Modern Face | The Professional,Women are depicted with confident expressions and professional attire.
ethnayn2_0294.jpeg,Yes,The Borrowed Image,"The woman is wearing Western-style clothing, contributing to the modern look."
ethnayn2_0295.jpeg,Yes,The Modern Face | The Borrowed Image,The woman is styled in a Western-influenced manner with a glamorous hairstyle and makeup.
ethnayn2_0296.jpeg,Yes,The Advertisement,The woman is part of a romantic image used to promote a film.
ethnayn2_0297.jpeg,Yes,The Modern Face | The Professional,"The women are shown participating in various athletic activities, emphasizing modernity and achievement."
ethnayn2_0298.jpeg,Yes,The Borrowed Image,The woman's pose and dress appear Western-influenced yet maintain an Arab context.
ethnayn2_0299.jpeg,Yes,The Modern Face | The Borrowed Image,The woman is smiling broadly and dressed in a modern style with a scarf over her head.
ethnayn2_0300.jpeg,Yes,None,There is a cartoon with a woman interacting with a man.
ethnayn2_0301.jpeg,Yes,The Traditional Body,The woman is sitting with men in a traditional setting.
ethnayn2_0302.jpeg,Yes,The Advertisement,The image showcases women's legs as part of an advertisement for clothing.
ethnayn2_0303.jpeg,No,None,The image is a cartoon with male characters.
ethnayn2_0304.jpeg,No,None,The page features a large image of a cologne bottle.
ethnayn2_0305.jpeg,Yes,The Advertisement,The woman's exaggerated posture and expression suggest a humorous context.
ethnayn2_0306.jpeg,Yes,The Professional | The Borrowed Image,The women portray a mix of traditional and modern styles with professional and stylish portrayals.
ethnayn2_0307.jpeg,Yes,The Modern Face | The Advertisement,"The woman is depicted in a modern, confident pose, holding paper, suggesting progress and advertisement."
ethnayn2_0308.jpeg,Yes,The Advertisement,The woman is dressed in a Western-style outfit and appears in a comedic or cartoonish setup.
ethnayn2_0309.jpeg,No,None,The image features a man at the cockpit of a plane.
ethnayn2_0310.jpeg,Yes,The Advertisement,"Woman prominently illustrated in a promotional style, suggesting an advertisement context."
ethnayn2_0311.jpeg,Yes,The Advertisement | The Borrowed Image,The drawings and photograph combine Western-style representations mixed with traditional elements.
ethnayn2_0312.jpeg,No,None,"There are illustrations of men, but no women are present."
ethnayn2_0313.jpeg,No,None,"The page features no images of women, only text and a stylized emblem."
ethnayn2_0314.jpeg,No,None,"The image features a hand holding a pen, which may symbolize writing or expression."
ethnayn2_0315.jpeg,Yes,The Advertisement,The woman is depicted in two separate advertisements.
ethnayn2_0316.jpeg,Yes,The Advertisement,"Illustration shows women in a discussion, likely part of an advertisement."
ethnayn2_0317.jpeg,Yes,The Borrowed Image,"The woman is posed with a Western-style elegance, wearing a sheer veil."
ethnayn2_0318.jpeg,Yes,The Modern Face | The Advertisement,"The woman is prominently featured eating, suggesting modernity and lifestyle."
ethnayn2_0319.jpeg,Yes,The Traditional Body,The girl is presented in a traditional dress with a bow in her hair.
ethnayn2_0320.jpeg,Yes,The Borrowed Image,"The woman appears in a glamorous, Western-style portrait pose."
ethnayn2_0321.jpeg,Yes,The Advertisement,"The woman is depicted in a glamorous, elegant style likely to promote a product."
ethnayn2_0322.jpeg,Yes,The Traditional Body,"The image shows a woman teaching a young girl, emphasizing a cultural and educational setting."
ethnayn2_0323.jpeg,Yes,The Traditional Body,The woman is presented in a traditional bridal outfit with a bouquet.
ethnayn2_0324.jpeg,Yes,The Borrowed Image,The women are presented in Western-style poses and glamorous fashion.
ethnayn2_0325.jpeg,No,None,"The image shows a man with a dog, no woman is present."
ethnayn2_0326.jpeg,Yes,The Borrowed Image,The woman is depicted in a Western-style pose with a smile.
ethnayn2_0327.jpeg,Yes,The Traditional Body | The Borrowed Image,"The image includes a group of women in traditional dance attire, suggesting cultural, yet stylized, continuity."
ethnayn2_0328.jpeg,Yes,The Advertisement | The Borrowed Image,"The woman is presented with Western-style makeup and hairstyle, suggesting modernity."
ethnayn2_0329.jpeg,Yes,The Advertisement,"The woman is presented on a product packaging, likely emphasizing its appeal."
ethnayn2_0330.jpeg,No,None,The page primarily focuses on men in a professional setting.
ethnayn2_0331.jpeg,Yes,The Advertisement | The Borrowed Image,Women are shown in advertisements with modern styling.
ethnayn2_0332.jpeg,No,None,Illustration of men in traditional and Western-style clothing engaging in a tense scene.
ethnayn2_0333.jpeg,Yes,The Modern Face | The Traditional Body,"A woman is present, dressed in modern attire, contrasted with a man in traditional clothing."
ethnayn2_0334.jpeg,Yes,The Modern Face | The Advertisement,"The main image is a striking visual with a large face and bold colors, reminiscent of modern advertising."
ethnayn2_0335.jpeg,No,None,The page is mostly text with no discernible image of a woman.
ethnayn2_0336.jpeg,No,None,The page features a caricature of two men in traditional attire.
ethnayn2_0337.jpeg,Yes,The Traditional Body,"A woman is depicted in traditional attire, possibly signifying cultural continuity."
ethnayn2_0338.jpeg,Yes,The Modern Face | The Traditional Body,The women are dressed in Western-style clothing which reflects both modernity and cultural continuity.
ethnayn2_0339.jpeg,No,None,The page contains images of men and text blocks without any visible signs of a woman.
ethnayn2_0340.jpeg,No,None,The page focuses on a car advertisement and text.
ethnayn2_0341.jpeg,No,None,The page predominantly features men in professional settings.
ethnayn2_0342.jpeg,Yes,The Advertisement | The Professional,"The woman is depicted as a nurse or caregiver, suggesting professional achievement."
ethnayn2_0343.jpeg,Yes,The Professional | The Borrowed Image,"Women are depicted in elegant, Western-style evening attire, indicating sophistication and achievement."
ethnayn2_0344.jpeg,Yes,The Modern Face | The Borrowed Image,"Women are presented with elegant hairstyles and fashions, indicative of modernity."
ethnayn2_0345.jpeg,Yes,The Borrowed Image | The Advertisement,"The woman is presented in a glamorous style, likely Westernized, suggesting modernity."
ethnayn2_0346.jpeg,Yes,The Advertisement | The Borrowed Image,"The woman is in a Western-style swimsuit holding a product, suggesting an advertisement."
ethnayn2_0347.jpeg,Yes,The Borrowed Image,The image has a Western-style pose with distinctly Arab clothing.
ethnayn2_0348.jpeg,Yes,The Borrowed Image,The woman's attire and hairstyle resemble Western fashion.
ethnayn2_0349.jpeg,No,None,The image prominently features children watching something with interest.
ethnayn2_0350.jpeg,Yes,The Advertisement | The Borrowed Image,"The imagery includes dramatic scenes and elements like large scissors, indicative of a theatrical or cinematic advertisement."
ethnayn2_0351.jpeg,Yes,The Traditional Body,"Several women are involved in childcare, highlighting care and nurturing roles."
ethnayn2_0352.jpeg,Yes,The Advertisement,The woman is smiling and associated with a product advertisement.
ethnayn2_0353.jpeg,Yes,The Modern Face | The Advertisement,A woman's face is prominently featured on a product package.
ethnayn2_0354.jpeg,Yes,The Advertisement,"A woman is part of a picnic advertisement, depicted in a relaxed pose."
ethnayn2_0355.jpeg,No,None,"The image features a hand holding a pen, with no woman present."
ethnayn2_0356.jpeg,Yes,The Advertisement,"The woman's image is part of currency, suggesting use to sell an idea or product."
ethnayn2_0357.jpeg,Yes,The Traditional Body,The woman’s hand is depicted in a traditional style next to flags.
ethnayn2_0358.jpeg,Yes,The Traditional Body,"The images feature women in traditional attire, engaging in a group interaction."
ethnayn2_0359.jpeg,No,None,The page features an illustration of a man in traditional attire.
ethnayn2_0360.jpeg,No,None,"The page features skeleton imagery, likely for artistic or thematic effect."
ethnayn2_0361.jpeg,Yes,The Traditional Body,A woman is helping children with crafts in a classroom-like setting.
ethnayn2_0362.jpeg,No,None,The image features advertisements with a child but no woman is present.
ethnayn2_0363.jpeg,Yes,The Borrowed Image,The woman is styled with elaborate hair and makeup resembling Western fashion.
ethnayn2_0364.jpeg,Yes,The Advertisement | The Professional,The page includes an advertisement with a woman and a film promotion featuring a woman.
ethnayn2_0365.jpeg,Yes,The Advertisement | The Borrowed Image,"The women are styled in a glamorous, Hollywood fashion."
ethnayn2_0366.jpeg,Yes,The Advertisement,The woman's image is used prominently in an advertisement on the page.
ethnayn2_0367.jpeg,Yes,The Modern Face | The Traditional Body | The Borrowed Image,"The images include women in both traditional and modern attire, with elements of Western-style posing."
ethnayn2_0368.jpeg,No,None,
ethnayn2_0369.jpeg,Yes,The Modern Face,"A young girl is confidently reading from a paper, indicating education and modernity."
ethnayn2_0370.jpeg,No,None,The page is entirely filled with text and contains no images.
ethnayn2_0371.jpeg,No,None,"The page predominantly features men in formal attire and portraits, suggesting a focus on political or professional themes."
ethnayn2_0372.jpeg,Yes,The Advertisement,The image shows a woman engaging with a child in a promotional context.
ethnayn2_0373.jpeg,No,None,
ethnayn2_0374.jpeg,Yes,The Advertisement,"The woman is holding a bouquet of flowers with a joyful expression, suggesting a promotional context."
ethnayn2_0375.jpeg,Yes,The Advertisement,"The woman is depicted sleeping, which is likely linked to the advertisement context."
ethnayn2_0376.jpeg,Yes,The Advertisement | The Borrowed Image,"The woman is dressed in a Western-style dress, seated gracefully in an advertisement setting."
ethnayn2_0377.jpeg,No,None,"The page features radios and text, with no woman present."
ethnayn2_0378.jpeg,Yes,The Traditional Body,"Women are shown carrying traditional pottery, linking to cultural heritage."
ethnayn2_0379.jpeg,Yes,The Advertisement,The woman is illustrated in a classic advertisement style with a distinct headscarf.
ethnayn2_0380.jpeg,No,None,The page features an advertisement for a radio.
ethnayn2_0381.jpeg,Yes,The Professional,"The woman is engaged in a formal handshake, suggesting a role of significance or professionalism."
ethnayn2_0382.jpeg,No,None,The page primarily features text and a plane advertisement.
ethnayn2_0383.jpeg,No,None,The page includes illustrations with symbolic imagery and no clear depiction of a woman.
ethnayn2_0384.jpeg,No,None,The page lacks any clear image of a woman; it focuses on objects and advertisements.
ethnayn2_0385.jpeg,No,None,"The page features men in suits and product advertisements, but no women are present."
ethnayn2_0386.jpeg,No,None,The images depict urban and possibly war-torn landscapes.
ethnayn2_0387.jpeg,Yes,The Borrowed Image,The woman is dressed in a Western style with a glamorous pose.
ethnayn2_0388.jpeg,No,None,The page features illustrations primarily focused on men and products.
ethnayn2_0389.jpeg,Yes,The Modern Face | The Advertisement | The Borrowed Image,"The women are depicted in a Western-style social setting, wearing modern attire."
ethnayn2_0390.jpeg,Yes,The Modern Face,The woman is portrayed with a modern hairstyle and makeup.
ethnayn2_0391.jpeg,Yes,The Advertisement,The woman is in a Western-style pose and dress.
ethnayn2_0392.jpeg,Yes,The Traditional Body,"The woman is depicted in traditional attire, dancing with a scarf."
ethnayn2_0393.jpeg,No,None,The page contains a document with text and no images of people.
ethnayn2_0394.jpeg,Yes,The Borrowed Image,The women are depicted in Western-style poses and dresses in a theatrical setting.
ethnayn2_0395.jpeg,Yes,The Advertisement | The Borrowed Image,"The woman is styled with a Western fashion influence, emphasizing glamour."
ethnayn2_0396.jpeg,No,None,The page features cartoons without any clear depiction of a woman.
ethnayn2_0397.jpeg,No,None,
ethnayn2_0398.jpeg,No,None,The image features a man holding a rifle in traditional attire.
ethnayn2_0399.jpeg,No,None,
ethnayn2_0400.jpeg,Yes,The Advertisement | The Borrowed Image,The woman is depicted in a Western-style cartoon with modern attire.
ethnayn2_0401.jpeg,Yes,The Advertisement | The Borrowed Image,"The woman is in a Western-style pose with modern attire, possibly signifying modernity."
ethnayn2_0402.jpeg,Yes,The Modern Face | The Borrowed Image,The women are styled in Western fashion with modern hairstyles.
ethnayn2_0403.jpeg,Yes,The Advertisement | The Borrowed Image,Women are presented in Western-style poses to advertise soap.
ethnayn2_0404.jpeg,Yes,The Advertisement,"The woman is presented in a stylish pose, likely for promoting a product."
ethnayn2_0405.jpeg,Yes,The Modern Face | The Traditional Body,The women appear well-dressed and convey both modernity and tradition.
ethnayn2_0406.jpeg,No,None,The page contains an illustration of hands applying lipstick but no woman is present.
ethnayn2_0407.jpeg,Yes,The Modern Face | The Advertisement | The Professional,"The central image features a well-dressed woman in a confident pose, suggesting modernity."
ethnayn2_0408.jpeg,Yes,The Borrowed Image,The woman is styled in a distinctly Western fashion.
ethnayn2_0409.jpeg,No,None,The image prominently features a bicycle and a drawing of two men in a social setting.
ethnayn2_0410.jpeg,Yes,The Advertisement,"A woman's face is sketched in a simplistic, stylized manner in an advertisement."
ethnayn2_0411.jpeg,Yes,The Modern Face | The Advertisement | The Borrowed Image,"The woman is depicted in a Western-style suit, suggesting modernity and urban sophistication."
ethnayn2_0412.jpeg,Yes,The Advertisement | The Borrowed Image,"The woman is surrounded by colorful orbs, suggesting a vibrant and modern presentation."
ethnayn2_0413.jpeg,Yes,The Advertisement,The visuals are cartoon-like illustrations.
ethnayn2_0414.jpeg,No,None,
ethnayn2_0415.jpeg,Yes,The Advertisement,"The woman is depicted with expressive gestures, possibly in a promotional context."
ethnayn2_0416.jpeg,No,None,The image primarily features a banknote and a soap package.
ethnayn2_0417.jpeg,Yes,The Advertisement,"The woman is depicted in a stylish and inviting manner, holding a glass associated with the product."
ethnayn2_0418.jpeg,Yes,The Advertisement | The Borrowed Image,The woman is in a Western-style dress with a glamorous pose.
ethnayn2_0419.jpeg,Yes,The Advertisement,"The women appear to be dressed in fashionable attire, suggesting a link to modernity."
ethnayn2_0420.jpeg,No,None,No woman is visually present on the page.
ethnayn2_0421.jpeg,Yes,The Advertisement,A woman is depicted holding products in an advertisement.
ethnayn2_0422.jpeg,Yes,The Modern Face | The Borrowed Image,The women are presented with elegant hairstyles and Western-style dresses.
ethnayn2_0423.jpeg,Yes,The Borrowed Image,A woman is wearing a Western-style wedding dress.
ethnayn2_0424.jpeg,Yes,The Advertisement,"A woman is depicted in a stylized, possibly promotional context with a focus on modernity."
ethnayn2_0425.jpeg,Yes,The Traditional Body,A woman in traditional clothing is among a group of people in a cartoon illustration.
ethnayn2_0426.jpeg,No,None,"The image features a man holding a picture, possibly in a traditional setting."
ethnayn2_0427.jpeg,Yes,The Advertisement,"The woman is depicted in a stylized, artistic manner as part of an advertisement."
ethnayn2_0428.jpeg,Yes,The Borrowed Image | The Advertisement,"The woman in the images appears to be in a social setting, dressed in Western-style attire."
ethnayn2_0429.jpeg,Yes,The Traditional Body,The woman is depicted in traditional attire with floral patterns.
ethnayn2_0430.jpeg,Yes,The Advertisement | The Borrowed Image,"The woman's face is creatively represented using flowers and leaves, highlighting a blend of nature and art."
